iter,M,N,repetition,loss,med_percentage_error,min_loss,max_loss,std_loss,P1_loss,P5_loss,P10_loss,P25_loss,P50_loss,P75_loss,P90_loss,P95_loss,P99_loss,min_med_percentage_error,max_med_percentage_error,std_med_percentage_error,P1_med_percentage_error,P5_med_percentage_error,P10_med_percentage_error,P25_med_percentage_error,P50_med_percentage_error,P75_med_percentage_error,P90_med_percentage_error,P95_med_percentage_error,P99_med_percentage_error,optimizer,sigma_e,Sobol,user_scheduler,gamma_scheduler,lr
0,100.0,2.0,4.090909090909091,0.45436339781164087,0.047616307,0.4078508892479411,0.5007746179769386,0.03158285457340743,0.40970567164748845,0.41712480124567786,0.42639871324341455,0.42749351094992877,0.4548785709430676,0.4768217668782974,0.49580537118791423,0.4982899945824264,0.5002776932980362,0.047587097,0.047646493,1.9353599037931454e-05,0.04758831858634949,0.04759320616722107,0.04759931564331055,0.04760219156742096,0.047611117362976074,0.047628700733184814,0.04764208197593689,0.04764428734779358,0.04764605164527893,Adam,0.5,False,False,0.95,0.001
100,100.0,2.0,4.090909090909091,0.1376698836969872,0.089431904,0.11628401085718983,0.16095037825454936,0.015556028823364357,0.11670817982406696,0.11840485569157552,0.12052570052596123,0.12497275728262394,0.13498539903060014,0.14985013419146254,0.15475137384032858,0.15785087604743897,0.1603304778131273,0.0844354,0.09391791,0.0026996897910863977,0.08461251258850097,0.08532094955444336,0.08620649576187134,0.08834517002105713,0.08938407897949219,0.09135282039642334,0.09203946590423584,0.09297868609428406,0.09373006224632263,Adam,0.5,False,False,0.95,0.001
200,100.0,2.0,4.090909090909091,0.11654218768597319,0.07984678,0.09782584722389917,0.13678894284669219,0.012076219713569702,0.09824203164935695,0.0999067693511881,0.10198769147847703,0.10766605800462818,0.11739360645447684,0.12267047223085523,0.13065388187952995,0.13372141236311108,0.13617543674997595,0.07621127,0.08420551,0.0022326966240267744,0.07637067437171936,0.07700827717781067,0.0778052806854248,0.07879233360290527,0.07957315444946289,0.0807749330997467,0.08275294303894043,0.08347922563552856,0.08406025171279907,Adam,0.5,False,False,0.95,0.001
300,100.0,2.0,4.090909090909091,0.10208753603707327,0.060318884,0.0870788116465653,0.11607477080464047,0.010986146513469446,0.08731450025344097,0.08825725468094364,0.089435697715322,0.09362899401680236,0.09924011413467233,0.1114460648225641,0.11477353599787676,0.11542415340125861,0.1159446473239641,0.05719906,0.064073384,0.002116076556713682,0.05730447769165039,0.057726144790649414,0.05825322866439819,0.05954045057296753,0.05973398685455322,0.06133067607879639,0.06315481662750244,0.06361410021781921,0.06398152709007263,Adam,0.5,False,False,0.95,0.001
400,100.0,2.0,4.090909090909091,0.09421137016649471,0.039564308,0.08086510974247997,0.11061087666351826,0.010617735724114476,0.08098798525901926,0.08147948732517646,0.08209386490787296,0.08496604818933687,0.09113749624905534,0.10097891849933063,0.10830074926019854,0.10945581296185841,0.1103798639231863,0.036347598,0.042823136,0.0019479306613019527,0.03645838797092438,0.03690154850482941,0.03745549917221069,0.038304686546325684,0.03912210464477539,0.04098355770111084,0.04130208492279053,0.042062610387802124,0.0426710307598114,Adam,0.5,False,False,0.95,0.001
500,100.0,2.0,4.090909090909091,0.0780896957075046,0.031115798,0.07079664415571488,0.09117535442293083,0.00702786847865862,0.07089398162994315,0.0712833315268562,0.07177001889799753,0.07323816223264576,0.07451582731066304,0.08282474883961785,0.08772310610895895,0.0894492302659449,0.09083012959153364,0.029320449,0.03185162,0.0007070132308173141,0.02943533957004547,0.029894903302192688,0.03046935796737671,0.03099973499774933,0.03137126564979553,0.03149963915348053,0.03167593479156494,0.03176377713680267,0.03183405101299286,Adam,0.5,False,False,0.95,0.001
600,100.0,2.0,4.090909090909091,0.07225873735174203,0.02768412,0.056090482554200925,0.08109094773854973,0.007179588403916862,0.056842658571108776,0.05985136263874016,0.0636122427232794,0.06992767855257984,0.0751710456234667,0.0762484025445871,0.07711081251294401,0.07910088012574687,0.08069293421598916,0.01859951,0.030955166,0.004118472585609017,0.018995591998100282,0.02057991921901703,0.022560328245162964,0.02631896734237671,0.02989223599433899,0.030001699924468994,0.03033047914505005,0.03064282238483429,0.030892696976661683,Adam,0.5,False,False,0.95,0.001
700,100.0,2.0,4.090909090909091,0.05699065556746063,0.020822912,0.0483323751324973,0.06226654895936939,0.00432497922820047,0.04878850039276134,0.05061300143381751,0.05289362773513771,0.053481725987278524,0.05889099344392326,0.059771483358836947,0.06124017994360739,0.06175336445148839,0.06216391205779319,0.011137843,0.025175959,0.00529697052186218,0.011367431282997132,0.012285783886909485,0.013433724641799927,0.017689064145088196,0.023056477308273315,0.024637281894683838,0.024780333042144775,0.024978145956993103,0.025136396288871765,Adam,0.5,False,False,0.95,0.001
800,100.0,2.0,4.090909090909091,0.04966376434182593,0.015271363,0.03316383631890836,0.07798713798840942,0.011059179800044025,0.03387088751348791,0.03669909229180611,0.04023434826470385,0.0456640581669948,0.04913773131682429,0.05195957046556916,0.052263537730176654,0.06512533785929303,0.07541477796258615,0.011671692,0.018322706,0.0025984487471107007,0.01171320378780365,0.011879250407218933,0.012086808681488037,0.012500733137130737,0.016317903995513916,0.017560943961143494,0.017884820699691772,0.018103763461112976,0.018278917670249938,Adam,0.5,False,False,0.95,0.001
900,100.0,2.0,4.090909090909091,0.03765905229248375,0.012518124,0.030159369074834526,0.04462243394225777,0.005079511047454036,0.030357758106685378,0.031151314234088786,0.032143259393343046,0.034776732378753845,0.03553111505126321,0.041694726067636065,0.04451660116082078,0.044569517551539276,0.04461185066411407,0.011215955,0.013518214,0.000704317832696576,0.011269325017929077,0.011482805013656616,0.01174965500831604,0.0121554434299469,0.012618452310562134,0.012932375073432922,0.013478338718414307,0.013498276472091675,0.01351422667503357,Adam,0.5,False,False,0.95,0.001
1000,100.0,2.0,4.090909090909091,0.03167107915357437,0.012203913,0.026614020587607295,0.03895413148714319,0.0036848296230175175,0.026800352559147606,0.027545680445308855,0.028477340303010416,0.028871273083423903,0.031312875526283625,0.03286472142246566,0.03695316753727761,0.037953649512210405,0.038754035092156636,0.0105243325,0.014333159,0.0013650047388067954,0.010554641485214233,0.010675877332687378,0.010827422142028809,0.011187762022018433,0.011824429035186768,0.013098418712615967,0.014227360486984253,0.014280259609222412,0.01432257890701294,Adam,0.5,False,False,0.95,0.001
1100,100.0,2.0,4.090909090909091,0.028562036778387943,0.012157183,0.023471395499959354,0.036054605505096836,0.0038565597817879055,0.023479662701223,0.023512731506277598,0.02355406751259584,0.026309533984831997,0.029328838435802605,0.03008095795272531,0.03317491300514166,0.03461475925511925,0.03576663625510132,0.010847002,0.014839947,0.0012931282982886524,0.010872673988342286,0.010975360870361328,0.011103719472885132,0.011149048805236816,0.012058854103088379,0.012672841548919678,0.013874351978302002,0.014357149600982666,0.014743387699127197,Adam,0.5,False,False,0.95,0.001
1200,100.0,2.0,4.090909090909091,0.025348371164664575,0.0115049565,0.020757769723158275,0.03120121836472273,0.0040221169314170625,0.02081293235819347,0.02103358289833426,0.021309396073510244,0.022762042886614903,0.023461242908321685,0.028938312567542007,0.03120121836472273,0.03120121836472273,0.03120121836472273,0.010438889,0.013503581,0.0010169866816336492,0.010466170310974122,0.010575294494628906,0.010711699724197388,0.010817855596542358,0.010922133922576904,0.012167096138000488,0.012841552495956421,0.013172566890716553,0.01343737840652466,Adam,0.5,False,False,0.95,0.001
1300,100.0,2.0,4.090909090909091,0.023238135631725953,0.011350054,0.01916232211298455,0.025657872730220674,0.00179777528090887,0.01937451835043559,0.020223303300239755,0.021284284487494955,0.022958851220083887,0.023421530448740888,0.024001117448338743,0.025298536177639417,0.025478204453930044,0.02562193907496255,0.0103290975,0.013485581,0.0009559236281889588,0.010365623235702514,0.010511726140975952,0.010694354772567749,0.010746374726295471,0.01086243987083435,0.011787578463554382,0.012521207332611084,0.0130033940076828,0.013389143347740174,Adam,0.5,False,False,0.95,0.001
1400,100.0,2.0,4.090909090909091,0.02181868893366326,0.011260894,0.018415669045326044,0.024705582838235648,0.0019659490587519827,0.01855709017026698,0.01912277467003072,0.019829880294735397,0.020191290656157056,0.022292823189363303,0.023344020283519555,0.023728098966849746,0.024216840902542697,0.024607834451097058,0.0103753805,0.013107181,0.00090832761598156,0.010388940572738647,0.010443180799484253,0.01051098108291626,0.010700300335884094,0.010917752981185913,0.011460795998573303,0.012733787298202515,0.012920483946800232,0.013069841265678405,Adam,0.5,False,False,0.95,0.001
1500,100.0,2.0,4.090909090909091,0.02104924492236847,0.011056843,0.018709968976605904,0.022999376412449955,0.0011173793374543088,0.01881092919896104,0.019214770088381572,0.019719571200157236,0.020747161475016512,0.021460917248645166,0.02153833230556422,0.021694437907217763,0.02234690715983386,0.022868882561926734,0.0100875795,0.012750924,0.0007650365749567375,0.010105928778648377,0.010179325938224792,0.010271072387695312,0.010736614465713501,0.01092103123664856,0.011064991354942322,0.012128680944442749,0.012439802289009094,0.01268869936466217,Adam,0.5,False,False,0.95,0.001
1600,100.0,2.0,4.090909090909091,0.02006442359212712,0.010782204,0.0169669115067157,0.022970056964951305,0.0017718989892249594,0.017051902881887477,0.0173918683825746,0.017816825258433498,0.01920912423406749,0.02001657405969934,0.02101216910327036,0.022096205761959423,0.022533131363455364,0.02288267184465212,0.009620547,0.012751341,0.0008220460667318347,0.009658169746398926,0.009808659553527832,0.009996771812438965,0.010416477918624878,0.0106428861618042,0.01088067889213562,0.011524200439453125,0.012137770652770996,0.012628626823425294,Adam,0.5,False,False,0.95,0.001
1700,100.0,2.0,4.090909090909091,0.019699820387131275,0.010476518,0.017208536134494724,0.02380860718475601,0.002623124753691381,0.01722905476176823,0.01731112927086224,0.017413722407229756,0.017508049189697686,0.018774255725852677,0.022186267333268783,0.023263353839615867,0.023535980512185938,0.023754081850241998,0.00932008,0.012100667,0.0007728848503048239,0.009373742341995239,0.009588390588760376,0.009856700897216797,0.010111048817634583,0.010319948196411133,0.01062360405921936,0.01156720519065857,0.011833935976028442,0.01204732060432434,Adam,0.5,False,False,0.95,0.001
1800,100.0,2.0,4.090909090909091,0.018219236527202805,0.010125854,0.014839054685778176,0.02241002797245816,0.002944375427797125,0.014839054685778176,0.014839054685778176,0.014839054685778176,0.015773255269086073,0.017514648998484882,0.02085126170270571,0.021992056282576878,0.02220104212751752,0.022368230803470033,0.00908187,0.01215142,0.0008314942818585488,0.009101209044456483,0.009178563952445984,0.009275257587432861,0.009683102369308472,0.010025322437286377,0.010339885950088501,0.010776937007904053,0.011464178562164307,0.01201397180557251,Adam,0.5,False,False,0.95,0.001
1900,100.0,2.0,4.090909090909091,0.018465008026779445,0.009745262,0.015290608607610246,0.022173950253777545,0.0027506593624790315,0.015332798536255405,0.015501558250836038,0.01571250789406183,0.016240487429397172,0.016816783870606398,0.02078804636959323,0.022173950253777545,0.022173950253777545,0.022173950253777545,0.008384138,0.011785835,0.0008986229539086586,0.008433151245117187,0.008629202842712402,0.008874267339706421,0.009332269430160522,0.009593576192855835,0.010155916213989258,0.010406732559204102,0.011096283793449402,0.011647924780845642,Adam,0.5,False,False,0.95,0.001
2000,100.0,2.0,4.090909090909091,0.019796947827001123,0.009419433,0.01727110242912001,0.02334854136496977,0.002075554687601929,0.01728590526432242,0.017345116605132056,0.017419130781144106,0.01793165421699108,0.01976777595333963,0.021171986210419012,0.022393906645828503,0.022871224005399135,0.023253077893055644,0.008322477,0.011227906,0.0007972497902299788,0.00834980309009552,0.008459106087684631,0.00859573483467102,0.008936434984207153,0.009231239557266235,0.0097273588180542,0.010045647621154785,0.010636776685714722,0.011109679937362671,Adam,0.5,False,False,0.95,0.001
2100,100.0,2.0,4.090909090909091,0.018847795321680325,0.009010995,0.016131182501944796,0.021837570267147603,0.0018242344110541684,0.016139617172555604,0.016173355854998843,0.016215529208052894,0.017913961784842156,0.01902823153027973,0.019547165360161736,0.02137929445129821,0.021608432359222905,0.021791742685562665,0.007979333,0.011264473,0.0008927914790785135,0.008002036809921264,0.00809285044670105,0.008206367492675781,0.008463263511657715,0.00883135199546814,0.009234502911567688,0.009573817253112793,0.010419145226478577,0.011095407605171205,Adam,0.5,False,False,0.95,0.001
2200,100.0,2.0,4.090909090909091,0.017768667921702116,0.008554507,0.014923398964575727,0.020826922364080472,0.002003427356918722,0.015043290492155414,0.015522856602474166,0.016122314240372602,0.016204440656295883,0.017229974517196392,0.019212074346277863,0.020679082270399177,0.020753002317239824,0.020812138354712344,0.007325053,0.010514557,0.0009031151009395987,0.007326680421829224,0.007333189249038696,0.007341325283050537,0.008016660809516907,0.008691757917404175,0.008890673518180847,0.009184777736663818,0.0098496675491333,0.010381579399108887,Adam,0.5,False,False,0.95,0.001
2300,100.0,2.0,4.090909090909091,0.0178298045162095,0.008133116,0.016307051344419014,0.019658216908976407,0.001255375997428649,0.01630886871304632,0.01631613818755554,0.01632522503069207,0.016905042185374152,0.017350341909705056,0.019094782472352752,0.019275025463375402,0.019466621186175904,0.019619897764416305,0.006830603,0.010070175,0.0008573003080843923,0.0068713933229446415,0.007034555077552795,0.007238507270812988,0.007655993103981018,0.008148789405822754,0.00841425359249115,0.008737325668334961,0.00940375030040741,0.009936890006065369,Adam,0.5,False,False,0.95,0.001
2400,100.0,2.0,4.090909090909091,0.017476130129361164,0.0076954556,0.015399864825952889,0.021134838511291328,0.0021363528014017633,0.015399864825952889,0.015399864825952889,0.015399864825952889,0.015978618654177247,0.016811137568909125,0.01860467014447993,0.020822285228584408,0.020978561869937868,0.021103583183020636,0.0061191022,0.009659529,0.0008728585624341646,0.006226971745491028,0.006658449769020081,0.0071977972984313965,0.0073501914739608765,0.007385224103927612,0.008032247424125671,0.008279204368591309,0.008969366550445557,0.009521496295928956,Adam,0.5,False,False,0.95,0.001
2500,100.0,2.0,4.090909090909091,0.016898923207098623,0.0073580686,0.014565377387177668,0.01872764772506072,0.0016970249292920807,0.014565377387177668,0.014565377387177668,0.014565377387177668,0.015072308433562064,0.017703329006216545,0.018069489983082866,0.01868674145435056,0.018707194589705642,0.018723557097989705,0.0058671236,0.009154737,0.0008557259928543297,0.005963918566703796,0.006351098418235779,0.006835073232650757,0.006840109825134277,0.007156968116760254,0.007801353931427002,0.008022665977478027,0.008588701486587524,0.009041529893875123,Adam,0.5,False,False,0.95,0.001
2600,100.0,2.0,4.090909090909091,0.01780727199833585,0.006991023,0.01295504328075895,0.024696011875347885,0.0030754340306690985,0.01315892695542391,0.013974461654083744,0.014993880027408538,0.01604203841018831,0.018085413355163397,0.01890457848535939,0.020112289427315966,0.022404150651331924,0.024237639630544695,0.0058235526,0.00888744,0.000869661153808688,0.005855464935302734,0.005983114242553711,0.006142675876617432,0.006302475929260254,0.0068884193897247314,0.007395237684249878,0.007650047540664673,0.008268743753433228,0.008763700723648071,Adam,0.5,False,False,0.95,0.001
2700,100.0,2.0,4.090909090909091,0.015587902216408028,0.0066876654,0.012770144516780999,0.01907007797305824,0.0021385797785459194,0.012770144516780999,0.012770144516780999,0.012770144516780999,0.013612666421131726,0.015745571346058484,0.017002589142401825,0.017738092892442058,0.01840408543275015,0.01893687946499662,0.005470574,0.008552074,0.0008395976638679444,0.0055159956216812136,0.005697682499885559,0.005924791097640991,0.0061197429895401,0.00666886568069458,0.006952106952667236,0.007426738739013672,0.00798940658569336,0.00843954086303711,Adam,0.5,False,False,0.95,0.001
2800,100.0,2.0,4.090909090909091,0.015655440078690668,0.006439355,0.011919202755879028,0.01750750561940568,0.0016920052148849973,0.012140961422272887,0.013027996087848326,0.014136789419817625,0.014847609633175175,0.015749936619202494,0.017034612541612634,0.017423529434124053,0.017465517526764868,0.017499108000877516,0.005432576,0.008191556,0.0007648458650295729,0.005472037196159363,0.005629882216453552,0.005827188491821289,0.0058518946170806885,0.006481170654296875,0.006673872470855713,0.007090151309967041,0.007640853524208069,0.00808141529560089,Adam,0.5,False,False,0.95,0.001
2900,100.0,2.0,4.090909090909091,0.015043440421435681,0.0061199423,0.011885868853321215,0.021851153339712343,0.0029727308523349824,0.011980616602855546,0.012359607600992875,0.012833346348664537,0.012841819881629642,0.014299688200068135,0.016623561297643585,0.01784453649867971,0.019847844919196028,0.021450491655609083,0.005204797,0.007442206,0.0007224918110821704,0.00521460771560669,0.005253851413726807,0.005302906036376953,0.005541026592254639,0.006140977144241333,0.006553351879119873,0.006977587938308716,0.007209897041320801,0.007395744323730469,Adam,0.5,False,False,0.95,0.001
3000,100.0,2.0,4.090909090909091,0.015967249274726623,0.0059005753,0.013017587207439027,0.01917705038008448,0.001816775106767475,0.013176940504249429,0.013814353691491036,0.014611120175543044,0.014763649104550972,0.01597740126689636,0.01679736469670412,0.018563525704983,0.01887028804253374,0.01911569791257433,0.0050189495,0.0075208247,0.0007550802829872826,0.005018949508666992,0.005018949508666992,0.005018949508666992,0.0053732991218566895,0.005759507417678833,0.00629211962223053,0.006515234708786011,0.007018029689788818,0.007420265674591065,Adam,0.5,False,False,0.95,0.001
3100,100.0,2.0,4.090909090909091,0.014702827871796213,0.0056730863,0.012018614045927438,0.022098264358289696,0.002794880761790311,0.01213197108363163,0.012585399234448397,0.013152184422969357,0.013166013480914745,0.013828654843150035,0.014846188601444474,0.017098500409431484,0.01959838238386059,0.021598287963403878,0.0049003065,0.0071213543,0.0006473010218128067,0.0049206197261810304,0.005001872777938843,0.005103439092636108,0.005158975720405579,0.005557209253311157,0.006047293543815613,0.006118744611740112,0.006620049476623535,0.007021093368530274,Adam,0.5,False,False,0.95,0.001
3200,100.0,2.0,4.090909090909091,0.015341622933590232,0.0054012565,0.01074102751743648,0.020417949652193068,0.0022925636894750665,0.011078078375729467,0.012426281808901412,0.014111536100366343,0.014736067089048174,0.015031962084811818,0.01605803703929848,0.01668587131691624,0.018551910484554655,0.020044741818665387,0.004785508,0.0066382587,0.0005710949943404708,0.00479482114315033,0.004832074046134949,0.004878640174865723,0.004957467317581177,0.005308657884597778,0.005710169672966003,0.005942255258560181,0.006290256977081299,0.0065686583518981935,Adam,0.5,False,False,0.95,0.001
3300,100.0,2.0,4.090909090909091,0.013211644988666187,0.0052142385,0.009351895871799184,0.018227715697047082,0.0026611516847761018,0.009461875417224208,0.009901793598924308,0.010451691326049435,0.01231878084641278,0.012678201886774714,0.01346322431734586,0.017628157295825276,0.01792793649643618,0.0181677598569249,0.004536301,0.0065479577,0.0005909665097666145,0.004536300897598267,0.004536300897598267,0.004536300897598267,0.004823595285415649,0.005268216133117676,0.005370348691940308,0.005802661180496216,0.006175309419631958,0.006473428010940552,Adam,0.5,False,False,0.95,0.001
3400,100.0,2.0,4.090909090909091,0.01517050246461424,0.0051207705,0.011381837636398457,0.02041692903730326,0.0021940461312777875,0.011593294951364195,0.012439124211227146,0.013496410786055835,0.014323963266078881,0.015063094759481324,0.01568131076755763,0.016363068218169474,0.018389998627736368,0.020011542955389885,0.0045956075,0.0061603487,0.0004743353106019986,0.004608854651451111,0.004661843180656433,0.004728078842163086,0.004771426320075989,0.005062997341156006,0.005226567387580872,0.005767822265625,0.0059640854597091675,0.006121096014976501,Adam,0.5,False,False,0.95,0.001
3500,100.0,2.0,4.090909090909091,0.013735426059971185,0.0050021033,0.009734118943569377,0.018468756647379077,0.0025997928748796822,0.009829903373450181,0.010213041092973395,0.010691963242377414,0.012563277126615983,0.013160556294797147,0.015782258815921595,0.01639118819472622,0.017429972421052646,0.018260999802113792,0.004448205,0.0062924623,0.0005324153991291958,0.004453054070472718,0.004472449421882629,0.0044966936111450195,0.004605963826179504,0.004983961582183838,0.0051757097244262695,0.005378305912017822,0.005835384130477905,0.006201046705245972,Adam,0.5,False,False,0.95,0.001
3600,100.0,2.0,4.090909090909091,0.014854275370123533,0.0048198863,0.011653488701332877,0.0181183768256155,0.0020314734814254613,0.011653488701332877,0.011653488701332877,0.011653488701332877,0.01384003652937871,0.015460447993969848,0.01591851171884706,0.016867770033106622,0.017493073429361062,0.017993316146364614,0.0043357313,0.0060468316,0.0005286705479605879,0.004337930679321289,0.004346728324890137,0.004357725381851196,0.0043844133615493774,0.004750430583953857,0.004967629909515381,0.005420774221420288,0.005733802914619446,0.0059842258691787725,Adam,0.5,False,False,0.95,0.001
3700,100.0,2.0,4.090909090909091,0.013797444731857482,0.004741858,0.01111631124707235,0.017543973131739034,0.001861828088254734,0.011187617375390166,0.011472841888661427,0.011829372530250503,0.0125402202430262,0.013448685859861309,0.014546026922857705,0.015956383920213837,0.016750178525976434,0.017385214210586513,0.0043281913,0.005691111,0.0003865525452178468,0.004344761371612549,0.004411041736602783,0.004493892192840576,0.004546269774436951,0.004559904336929321,0.004845559597015381,0.005156487226486206,0.005423799157142639,0.005637648701667786,Adam,0.5,False,False,0.95,0.001
3800,100.0,2.0,4.090909090909091,0.014216200250599454,0.0045834538,0.010555505146729425,0.017003851208903367,0.0017902935639993282,0.01075136652064526,0.011534812016308595,0.012514118885887764,0.0134697388238683,0.01407464801580756,0.01521363716302527,0.016229122802664284,0.016616487005783824,0.016926378368279458,0.0041764975,0.005427718,0.0003388281955564344,0.004190754890441894,0.004247784614562988,0.0043190717697143555,0.004360973834991455,0.004524976015090942,0.004638403654098511,0.0048683881759643555,0.005148053169250488,0.005371785163879395,Adam,0.5,False,False,0.95,0.001
3900,100.0,2.0,4.090909090909091,0.013295974459636652,0.0044605653,0.00995659882708134,0.0164335015299789,0.002279842558620251,0.010018775818601881,0.010267483784684044,0.010578368742286749,0.011412250598134385,0.013299008003896004,0.015301891368979453,0.015849789411588183,0.01614164547078354,0.01637513031813983,0.0040115416,0.00518018,0.00038017721696655143,0.0040115416049957275,0.0040115416049957275,0.0040115416049957275,0.0042237043380737305,0.00435948371887207,0.00463983416557312,0.004979938268661499,0.005080059170722961,0.0051601558923721315,Adam,0.5,False,False,0.95,0.001
4000,100.0,2.0,4.090909090909091,0.013741594740720427,0.004308565,0.010097554822445554,0.018079107240449224,0.0020139695351470456,0.010253140718005227,0.010875484300243918,0.01165341377804228,0.013125091329049604,0.013621867848378781,0.014493201578873533,0.015091255288886668,0.016585181264667945,0.01778032204529297,0.0039551854,0.004941821,0.00030186651517643,0.003955185413360596,0.003955185413360596,0.003955185413360596,0.004109442234039307,0.004282563924789429,0.004437074065208435,0.004664957523345947,0.004803389310836792,0.004914134740829468,Adam,0.5,False,False,0.95,0.001
4100,100.0,2.0,4.090909090909091,0.01239689359558573,0.004226522,0.008997786934884918,0.01568118996506534,0.002377883908355883,0.008997786934884918,0.008997786934884918,0.008997786934884918,0.01086224167645904,0.01207578014113684,0.014154463693737282,0.015422330872593896,0.015551760418829618,0.015655304055818196,0.0038961172,0.004779756,0.0002765138490045253,0.003897899389266968,0.0039050281047821045,0.003913938999176025,0.004085958003997803,0.00417560338973999,0.00428202748298645,0.004654049873352051,0.0047169029712677,0.00476718544960022,Adam,0.5,False,False,0.95,0.001
4200,100.0,2.0,4.090909090909091,0.013127225765753914,0.0041711493,0.009963527744698589,0.015365226498608227,0.0019506572013933685,0.010064384263185653,0.010467810337133909,0.01097209292956923,0.011269829502935348,0.013651633285931044,0.014645569745129906,0.015323644139025679,0.015344435318816952,0.015361068262649972,0.0038829148,0.0046069026,0.00018910705415841635,0.0039013683795928954,0.003975182771682739,0.004067450761795044,0.004108265042304993,0.0041204094886779785,0.004156723618507385,0.0044148266315460205,0.004510864615440369,0.004587695002555847,Adam,0.5,False,False,0.95,0.001
4300,100.0,2.0,4.090909090909091,0.01245585087969459,0.0039915796,0.01078154252742155,0.018454160164247817,0.002241317805250107,0.010814837032409418,0.010948015052360888,0.011114487577300224,0.011148331203401708,0.011726015788926913,0.012339350552066811,0.014540565187844424,0.01649736267604612,0.01806280066660748,0.0037524998,0.0044362247,0.00019791278907121683,0.003756299614906311,0.0037714987993240356,0.0037904977798461914,0.003867819905281067,0.00396043062210083,0.004102662205696106,0.004148691892623901,0.0042924582958221436,0.004407471418380738,Adam,0.5,False,False,0.95,0.001
4400,100.0,2.0,4.090909090909091,0.012426544656558257,0.0040092547,0.0085519923181476,0.01761816269883184,0.0029184951407599563,0.008590829956051755,0.008746180507668372,0.008940368697189146,0.009987168684724192,0.01280154714546327,0.013643939245429256,0.016303280647337156,0.016960721673084496,0.01748667449368237,0.003756255,0.0044768453,0.0002381516974886237,0.003756508231163025,0.0037575215101242065,0.0037587881088256836,0.0038138926029205322,0.003969252109527588,0.004204362630844116,0.004210770130157471,0.004343807697296143,0.00445023775100708,Adam,0.5,False,False,0.95,0.001
4500,100.0,2.0,4.090909090909091,0.011569472884935211,0.003943771,0.007957579647469598,0.015397738568994257,0.002309247341141842,0.008154902416074505,0.008944193490494131,0.009930807333518662,0.010109592992955179,0.010484736204631914,0.013477466681571577,0.014416288580970086,0.014907013574982171,0.01529959357019184,0.003603518,0.0044187903,0.0002448680037723791,0.003605923056602478,0.003615543246269226,0.003627568483352661,0.003816932439804077,0.003859221935272217,0.004063799977302551,0.004214197397232056,0.00431649386882782,0.004398331046104431,Adam,0.5,False,False,0.95,0.001
4600,100.0,2.0,4.090909090909091,0.012752115772940881,0.0038604601,0.01068074634325336,0.016543016914986636,0.0021151297774428825,0.010692147593797226,0.010737752595972688,0.010794758848692016,0.010874168532754669,0.01309144412193903,0.013758365648056074,0.015762205391146346,0.01615261115306649,0.016464935762602606,0.003563553,0.0044069886,0.0002461263411029653,0.003567257523536682,0.0035820752382278442,0.003600597381591797,0.0037245601415634155,0.0038263797760009766,0.003955036401748657,0.004128754138946533,0.004267871379852295,0.004379165172576904,Adam,0.5,False,False,0.95,0.001
4700,100.0,2.0,4.090909090909091,0.013347656695342021,0.0038293845,0.010662188043188841,0.01727741540921552,0.001728975582254304,0.010802389247513455,0.011363194064811913,0.012064200086434987,0.012359510511251197,0.01298651201434526,0.014026769293787045,0.014848440458186443,0.016062927933700982,0.017034517914112614,0.0035886765,0.004305631,0.00018253915884940353,0.003597047924995422,0.003630533814430237,0.003672391176223755,0.003744363784790039,0.003849238157272339,0.003862723708152771,0.0038729310035705566,0.004089280962944031,0.00426236093044281,Adam,0.5,False,False,0.95,0.001
4800,100.0,2.0,4.090909090909091,0.011876783022279973,0.003856957,0.007049967188480846,0.014459797045704506,0.002190294560768486,0.007308637221079258,0.008343317351472906,0.009636667514464965,0.010818127118509173,0.012808887186576311,0.013435982353990242,0.013762617827478648,0.014111207436591576,0.01439007912388192,0.0034451485,0.004328668,0.0002631202938908312,0.003458791971206665,0.0035133659839630127,0.0035815834999084473,0.0036867260932922363,0.0038567781448364258,0.003991067409515381,0.0041914284229278564,0.004260048270225525,0.00431494414806366,Adam,0.5,False,False,0.95,0.001
4900,100.0,2.0,4.090909090909091,0.0126535520758472,0.003776049,0.010324373672833419,0.014549991987091667,0.001171040734066996,0.010463342073382191,0.01101921567557728,0.01171405767832114,0.012241889726161068,0.012487707342859216,0.013228648205620114,0.014069746430284762,0.014309869208688215,0.014501967431410977,0.0034859776,0.0043930113,0.000242802954966683,0.0034908831119537355,0.003510504961013794,0.003535032272338867,0.0036629587411880493,0.0037210583686828613,0.003813326358795166,0.003952145576477051,0.004172578454017639,0.00434892475605011,Adam,0.5,False,False,0.95,0.001
5000,100.0,2.0,4.090909090909091,0.012149805525844904,0.0037512644,0.008794020704606022,0.018478067522771625,0.0028879869040435912,0.008818323596622655,0.008915535164689185,0.009037049624772349,0.010318190639303993,0.011216000120393182,0.013656154932592587,0.01467162621438762,0.016574846868579622,0.018097423391933227,0.003464222,0.0042193234,0.00024355855496034827,0.0034658998250961305,0.0034726113080978394,0.0034810006618499756,0.0035952478647232056,0.0036635100841522217,0.0038495659828186035,0.00409969687461853,0.004159510135650635,0.0042073607444763185,Adam,0.5,False,False,0.95,0.001
5100,100.0,2.0,4.090909090909091,0.011824096441454214,0.0036913157,0.009511516011268744,0.015686293054382794,0.0017122301446678455,0.00956314714471162,0.009769671678483126,0.010027827345697508,0.010852700180818332,0.011671860336370462,0.012118733147710184,0.013711851716468661,0.014699072385425727,0.01548884892059138,0.0033850074,0.004159391,0.00022791211736893728,0.0033899754285812377,0.003409847617149353,0.003434687852859497,0.0035337358713150024,0.0036922097206115723,0.0037742555141448975,0.00395241379737854,0.004055902361869812,0.00413869321346283,Adam,0.5,False,False,0.95,0.001
5200,100.0,2.0,4.090909090909091,0.01106198505127859,0.003663651,0.0072012760353276275,0.01408210311516163,0.0021835805649914586,0.007298681132459301,0.007688301520985995,0.008175327006644362,0.009508559658184883,0.01209694576348051,0.012472212729754076,0.013008773205480224,0.013545438160320927,0.01397477012419349,0.003298223,0.004001528,0.00024880069056625487,0.003306397795677185,0.0033390969038009644,0.0033799707889556885,0.0035092830657958984,0.00359383225440979,0.003889724612236023,0.004001528024673462,0.004001528024673462,0.004001528024673462,Adam,0.5,False,False,0.95,0.001
5300,100.0,2.0,4.090909090909091,0.011345049477997485,0.0035829355,0.008191694000452533,0.01459384869548126,0.0021891023488287394,0.00825162131628015,0.00849133057959062,0.00879096715872871,0.009423111483151553,0.011623816987530776,0.012522680946132486,0.014574201548386512,0.014584025121933887,0.014591883980771787,0.0032533705,0.0039919913,0.0002043132201967133,0.0032588809728622435,0.003280922770500183,0.0033084750175476074,0.0034953802824020386,0.0035874247550964355,0.003702789545059204,0.0037081241607666016,0.0038500577211380005,0.00396360456943512,Adam,0.5,False,False,0.95,0.001
5400,100.0,2.0,4.090909090909091,0.011479771565892739,0.003528297,0.0053779875475507295,0.013509570886286015,0.0024095829826463466,0.005847462766032822,0.007725363639961191,0.010072739732371652,0.010219262077033674,0.012405865297888433,0.013156892568296937,0.013206626278657542,0.013358098582471778,0.013479276425523169,0.0032600164,0.0037758946,0.00016849683987357986,0.00326312780380249,0.003275573253631592,0.0032911300659179688,0.003411024808883667,0.0035484135150909424,0.0036506354808807373,0.0036533474922180176,0.003714621067047119,0.0037636399269104005,Adam,0.5,False,False,0.95,0.001
5500,100.0,2.0,4.090909090909091,0.011358405235602623,0.0034763704,0.0027250118432633843,0.014977649910919499,0.003553203002239454,0.0033147937597000935,0.005673921425446931,0.008622831007630477,0.010149226699995729,0.011565699102550345,0.013959854993968655,0.014977649910919499,0.014977649910919499,0.014977649910919499,0.003288269,0.0040798485,0.0002435120025200971,0.0032893151044845583,0.0032934993505477905,0.003298729658126831,0.003326714038848877,0.003346860408782959,0.0035355836153030396,0.003715038299560547,0.003897443413734436,0.004043367505073547,Adam,0.5,False,False,0.95,0.001
5600,100.0,2.0,4.090909090909091,0.011001425374829345,0.0034725992,0.00894492865542129,0.013513181569237975,0.001402631444183792,0.009031756633464276,0.009379068545636223,0.009813208435851156,0.010000518904900998,0.010809035407689245,0.011862051719292492,0.012771674808879812,0.013142428189058895,0.01343903089320216,0.0031774044,0.0040412843,0.00024262859042917094,0.0031791269779205323,0.0031860172748565674,0.0031946301460266113,0.0033545196056365967,0.003447800874710083,0.0035836249589920044,0.0036506950855255127,0.00384598970413208,0.004002225399017334,Adam,0.5,False,False,0.95,0.001
5700,100.0,2.0,4.090909090909091,0.010336252925493743,0.0033964624,0.006418222764623688,0.01430228853917792,0.0019921669274819143,0.006671504712401275,0.007684632503511625,0.008951042242399563,0.009301312869819084,0.010244881399288664,0.01107315170323617,0.012055987850667792,0.013179138194922856,0.014077658470326907,0.003089577,0.0037683547,0.00020319580664663171,0.0030986517667770386,0.0031349509954452515,0.0031803250312805176,0.0032733380794525146,0.0034121274948120117,0.0034966766834259033,0.0036454200744628906,0.003706887364387512,0.0037560611963272095,Adam,0.5,False,False,0.95,0.001
5800,100.0,2.0,4.090909090909091,0.009057335260212579,0.0033941134,0.004100970774780159,0.013410696686352117,0.0026223516361007153,0.004427672080688313,0.005734477304320931,0.0073679838338617035,0.007633224853783603,0.008472867282631824,0.010502160418773443,0.012428435903686108,0.012919566295019114,0.013312470608085516,0.0030973554,0.0035745502,0.00014521704474843367,0.0031086176633834837,0.003153666853904724,0.0032099783420562744,0.0033456236124038696,0.0034186244010925293,0.0035115480422973633,0.003533005714416504,0.0035537779331207275,0.0035703957080841066,Adam,0.5,False,False,0.95,0.001
5900,100.0,2.0,4.090909090909091,0.009156215717564122,0.0033670554,0.004802141391459276,0.015556341997250932,0.003205352758694853,0.004839022728587177,0.004986548077098781,0.005170954762738286,0.006693207133591079,0.010134511330131187,0.010502051155176065,0.012082684909461872,0.013819513453356403,0.015208976288472027,0.0031374693,0.0036879778,0.00019027581764771392,0.0031422823667526245,0.0031615346670150757,0.0031856000423431396,0.0032072514295578003,0.003301173448562622,0.003494247794151306,0.003598332405090332,0.0036431550979614258,0.0036790132522583007,Adam,0.5,False,False,0.95,0.001
6000,100.0,2.0,4.090909090909091,0.010708321887206043,0.0033566626,0.006457625624392694,0.014307950565270424,0.002590491734098043,0.006606430896442114,0.007201651984639797,0.0079456783448869,0.008815710528359956,0.011002667515523423,0.013040602536430364,0.013465266443321001,0.013886608504295713,0.014223682153075482,0.0030074716,0.00362733,0.00021523305212184666,0.0030115067958831785,0.0030276477336883545,0.0030478239059448242,0.0032353997230529785,0.0033898353576660156,0.0035580843687057495,0.003573089838027954,0.003600209951400757,0.003621906042098999,Adam,0.5,False,False,0.95,0.001
6100,100.0,2.0,4.090909090909091,0.010030169465259503,0.003289025,0.0071021057984393685,0.01350634980586987,0.002580948446921246,0.007123689137820517,0.007210022495345113,0.0073179391922508575,0.007915079220478809,0.009070122429603198,0.01259147756555042,0.01350634980586987,0.01350634980586987,0.01350634980586987,0.0029822886,0.003449887,0.00017328329447381693,0.0029896259307861327,0.003018975257873535,0.003055661916732788,0.00315682590007782,0.0033687055110931396,0.003411799669265747,0.003446817398071289,0.0034483522176742554,0.0034495800733566283,Adam,0.5,False,False,0.95,0.001
6200,100.0,2.0,4.090909090909091,0.010960980478450991,0.0031798996,0.006737245150914175,0.015437249853447273,0.002556950170167211,0.006831334317004268,0.0072076909813646416,0.007678136811815108,0.009370030177519533,0.01163112644077914,0.012144738041119318,0.013128953861309424,0.014283101857378348,0.015206420254233488,0.002971083,0.0035971105,0.0001678607389426998,0.00297204852104187,0.0029759109020233154,0.002980738878250122,0.0031178146600723267,0.0031575560569763184,0.0032103657722473145,0.003292262554168701,0.003444686532020569,0.003566625714302063,Adam,0.5,False,False,0.95,0.001
6300,100.0,2.0,4.090909090909091,0.010253966849536993,0.0033588058,0.004743426880065159,0.012512724563316143,0.002310930749580397,0.005026155194923245,0.006157068454355588,0.007570710028646016,0.009976448970172424,0.010541832207309101,0.012004345494341493,0.01221721343718482,0.012364969000250482,0.012483173450703012,0.002920568,0.0037653148,0.0002824994279860732,0.0029289543628692625,0.0029624998569488525,0.00300443172454834,0.0032191574573516846,0.003283679485321045,0.0035907626152038574,0.003743380308151245,0.003754347562789917,0.0037631213665008543,Adam,0.5,False,False,0.95,0.001
6400,100.0,2.0,4.090909090909091,0.010523104239590846,0.0032058575,0.004533024599821135,0.012680131749028909,0.0024473316667159655,0.004954459672265627,0.006640199962043599,0.008747375324266062,0.009624206203274638,0.01052132613386776,0.012419571114624777,0.0126004318572901,0.012640281803159504,0.012672161759855029,0.0030078888,0.0034014285,0.00014539728212309045,0.003008332848548889,0.003010109066963196,0.003012329339981079,0.0030944794416427612,0.0031671524047851562,0.003341972827911377,0.0033470988273620605,0.003374263644218445,0.003395995497703552,Adam,0.5,False,False,0.95,0.001
6500,100.0,2.0,4.090909090909091,0.010074394257308389,0.0031934055,0.005120950296898882,0.013829130475280916,0.0025803521489041028,0.005306746443092746,0.006049931027868199,0.006978911758837516,0.00839565606399597,0.010619118248886296,0.011909227696332913,0.012027663651985338,0.012928397063633128,0.013648983792951359,0.0029675066,0.0034377277,0.00012716943985675608,0.0029757827520370483,0.0030088871717453003,0.0030502676963806152,0.003131672739982605,0.0032140016555786133,0.0032215416431427,0.00333559513092041,0.003386661410331726,0.003427514433860779,Adam,0.5,False,False,0.95,0.001
6600,100.0,2.0,4.090909090909091,0.009953058125655338,0.0032214604,0.00831687555578017,0.012308991905462629,0.0011876890290558814,0.008375796295190231,0.008611479252830477,0.008906082949880783,0.009039863502303496,0.009855608328017238,0.010772981357616162,0.011156736124181983,0.011732864014822306,0.012193766327334564,0.0029210746,0.0035720468,0.00020571282026146342,0.002927246689796448,0.0029519349336624146,0.002982795238494873,0.0031296908855438232,0.003194481134414673,0.003287389874458313,0.0035538673400878906,0.0035629570484161377,0.0035702288150787354,Adam,0.5,False,False,0.95,0.001
6700,100.0,2.0,4.090909090909091,0.009152260594285642,0.003097293,0.007290516740750234,0.013178496015399674,0.0016276509120223329,0.007306703107985696,0.007371448576927543,0.007452380413104851,0.00820453813856273,0.009061749320987283,0.009314059163547645,0.01052304275125608,0.011850769383327877,0.012912950688985316,0.0027378201,0.0034663081,0.00021537855558641206,0.0027456462383270265,0.0027769505977630615,0.0028160810470581055,0.0029488801956176758,0.0031278133392333984,0.0032252073287963867,0.003277391195297241,0.0033718496561050415,0.003447416424751282,Adam,0.5,False,False,0.95,0.001
6800,100.0,2.0,4.090909090909091,0.008029122217297135,0.0031342262,0.0031369907308295064,0.01044405663180588,0.002225690882144002,0.0033198656892503256,0.004051365522933604,0.0049657403150377005,0.007553652125181304,0.008898277514200501,0.009506393969959535,0.009676896399061786,0.010060476515433833,0.010367340608531471,0.0028744638,0.0034937263,0.000242008687512289,0.002875387668609619,0.0028790831565856934,0.002883702516555786,0.0028939098119735718,0.0030975937843322754,0.0033270418643951416,0.0034937262535095215,0.0034937262535095215,0.0034937262535095215,Adam,0.5,False,False,0.95,0.001
6900,100.0,2.0,4.090909090909091,0.008610259419421019,0.003120157,0.0039985834334935666,0.0110373458177541,0.0026725239024107963,0.004055987749224423,0.004285605012147848,0.004572626590802129,0.006776597827348369,0.009906700495387867,0.010823592282150213,0.01090915983204413,0.010973252824899114,0.011024527219183103,0.00280869,0.0034106672,0.00018725576450581626,0.002819162607192993,0.0028610527515411377,0.0029134154319763184,0.0030274540185928345,0.003086775541305542,0.0032409876585006714,0.0033635497093200684,0.0033871084451675415,0.00340595543384552,Adam,0.5,False,False,0.95,0.001
7000,100.0,2.0,4.090909090909091,0.009059835151040578,0.0030797936,0.0030258040685141696,0.012650668067121928,0.0023702390530621056,0.0034919515600548203,0.005356541526217423,0.007687278983920676,0.008754749403476203,0.009298622909063997,0.010016293370321607,0.010380483798385916,0.011515575932753923,0.012423649640248328,0.0027449727,0.0034424663,0.0002569915788785083,0.0027451395988464357,0.00274580717086792,0.0027466416358947754,0.0029265880584716797,0.003009706735610962,0.003308922052383423,0.0034424662590026855,0.0034424662590026855,0.0034424662590026855,Adam,0.5,False,False,0.95,0.001
7100,100.0,2.0,4.090909090909091,0.00920541262932361,0.0031847141,0.00564495770563919,0.012926702695093462,0.002646748722617061,0.00564495770563919,0.00564495770563919,0.00564495770563919,0.0073390250847435385,0.009417184992255138,0.01119741761890991,0.012706772624738343,0.012816737659915901,0.01290470968805795,0.002755642,0.0036722422,0.0003021205195779029,0.002762174606323242,0.0027883052825927734,0.0028209686279296875,0.0029834508895874023,0.003181964159011841,0.003295302391052246,0.0036722421646118164,0.0036722421646118164,0.0036722421646118164,Adam,0.5,False,False,0.95,0.001
7200,100.0,2.0,4.090909090909091,0.011056953586253903,0.0030563446,0.007115005079681362,0.016723314337934916,0.0025709599022763403,0.0072210448817550035,0.007645204090049571,0.008175403100417781,0.009770104751680424,0.010856184410832742,0.01191619903937289,0.013215657379413357,0.014969485858674136,0.016372548642082763,0.0026812553,0.0034698844,0.00029963445867213636,0.0026888430118560793,0.002719193696975708,0.002757132053375244,0.0027960389852523804,0.0029635727405548096,0.0033440589904785156,0.0034698545932769775,0.0034698694944381714,0.0034698814153671263,Adam,0.5,False,False,0.95,0.001
7300,100.0,2.0,4.090909090909091,0.008338036883939432,0.0030427522,0.004022875903312635,0.010304055168814517,0.0018057955648312562,0.004279219851355189,0.005304595643525405,0.0065863153837381755,0.0076565356603830355,0.008774777648607191,0.009434004511512877,0.009987326219236543,0.01014569069402553,0.01027238227385672,0.0026811361,0.0034922361,0.00032113132927607076,0.0026818692684173586,0.0026848018169403076,0.002688467502593994,0.0027598440647125244,0.002994358539581299,0.00335519015789032,0.0034246742725372314,0.003458455204963684,0.0034854799509048463,Adam,0.5,False,False,0.95,0.001
7400,100.0,2.0,4.090909090909091,0.01034612732984936,0.0030723622,0.006452425110447098,0.015212093428804281,0.0024640406088442994,0.0065168223406963975,0.0067744112616935975,0.007096397412940097,0.00891049026271707,0.010749975951881388,0.011340080422377437,0.012427464054776214,0.013819778741790249,0.014933630491401475,0.0026569664,0.0041642487,0.0004242070563134661,0.002658143639564514,0.00266285240650177,0.00266873836517334,0.002818495035171509,0.002982497215270996,0.0032268017530441284,0.0032652318477630615,0.00371474027633667,0.004074347019195557,Adam,0.5,False,False,0.95,0.001
7500,100.0,2.0,4.090909090909091,0.00830021733056407,0.003004578,0.0029097714585773126,0.015664075999480064,0.003329364610732949,0.0030936600800821473,0.0038292145661014865,0.00474865767362566,0.006773131860748087,0.00802669233036507,0.009733699283428583,0.010256478861110528,0.012960277430295295,0.015123316285643113,0.002559334,0.0033731163,0.0002896754175051955,0.0025612592697143556,0.002568960189819336,0.0025785863399505615,0.0028357207775115967,0.003080308437347412,0.0032153725624084473,0.0033731162548065186,0.0033731162548065186,0.0033731162548065186,Adam,0.5,False,False,0.95,0.001
7600,100.0,2.0,4.090909090909091,0.00782970976249515,0.0029292866,0.0028150320617489743,0.00958835141885649,0.002172936826244483,0.0029930965233643018,0.003705354369825612,0.00459567667790225,0.007606683063061792,0.00885832297450483,0.008981670226576949,0.009516584070707308,0.009552467744781898,0.009581174684041571,0.002643615,0.003229171,0.000244841781672313,0.002645799517631531,0.002654537558555603,0.0026654601097106934,0.0027016252279281616,0.002863466739654541,0.00321274995803833,0.003214716911315918,0.003221943974494934,0.003227725625038147,Adam,0.5,False,False,0.95,0.001
7700,100.0,2.0,4.090909090909091,0.00951616363469734,0.0028673655,0.007115808303580379,0.011119535648043825,0.0011629077338044104,0.007237465641685597,0.007724094994106471,0.008332381684632562,0.008739221699096966,0.009982535057129687,0.01005384226234805,0.010608375775595614,0.01086395571181972,0.011068419660799004,0.0026237667,0.0031020343,0.00016099058414625347,0.0026257455348968504,0.0026336610317230225,0.0026435554027557373,0.0027539432048797607,0.002869158983230591,0.0030112415552139282,0.003014296293258667,0.0030581653118133545,0.0030932605266571047,Adam,0.5,False,False,0.95,0.001
7800,100.0,2.0,4.090909090909091,0.008578968921518512,0.002804946,0.005370956251161741,0.01318221173283555,0.0022364368175102453,0.005455457673738889,0.005793463364047478,0.0062159704769332155,0.007021166892569281,0.008625275154136835,0.009789274316152115,0.010525414437919014,0.011853813085377283,0.012916532003343898,0.002545178,0.0031333864,0.00018695948377962457,0.0025482654571533205,0.0025606155395507812,0.0025760531425476074,0.002666965126991272,0.0027733445167541504,0.0029395222663879395,0.0029677748680114746,0.003050580620765686,0.0031168252229690553,Adam,0.5,False,False,0.95,0.001
7900,100.0,2.0,4.090909090909091,0.009303402674214124,0.0027841276,0.0036601125717165024,0.01502056218585039,0.002982542204083629,0.003998374552461848,0.0053514224754432314,0.0070427323791699605,0.007641199499838498,0.009048001147370272,0.011073859451543603,0.011722255594713613,0.013371408890282002,0.014690731526736714,0.0025129318,0.0031113625,0.0002162082475817783,0.002518174052238464,0.0025391429662704468,0.002565354108810425,0.0026223957538604736,0.0026884377002716064,0.002931848168373108,0.0031113624572753906,0.0031113624572753906,0.0031113624572753906,Adam,0.5,False,False,0.95,0.001
8000,100.0,2.0,4.090909090909091,0.006933460801922361,0.0027829572,0.00249096043779963,0.012091625187141278,0.0026242206079841466,0.0026546663069750925,0.0033094897836769424,0.004128019129554255,0.0055424564803569455,0.006482253621259782,0.008495305005605473,0.008771629893483143,0.01043162754031221,0.011759625657775465,0.002478838,0.0034152567,0.0002825019056193077,0.0024815887212753297,0.0024925917387008667,0.002506345510482788,0.002588912844657898,0.0026541948318481445,0.0029344260692596436,0.0030066072940826416,0.0032109320163726807,0.003374391794204712,Adam,0.5,False,False,0.95,0.001
8100,100.0,2.0,4.090909090909091,0.009505825639864064,0.002750004,0.00460224767789895,0.013656659898741333,0.002806647490146296,0.004702106344778051,0.0051015410122944565,0.005600834346689964,0.007661645675549811,0.010150507661308233,0.011555331325028157,0.011755979775726278,0.012706319837233805,0.013466591886439828,0.0024446845,0.0030626357,0.0002258172980425977,0.002445030212402344,0.002446413040161133,0.002448141574859619,0.0025656670331954956,0.002806723117828369,0.00293925404548645,0.002978771924972534,0.0030207037925720215,0.0030542492866516115,Adam,0.5,False,False,0.95,0.001
8200,100.0,2.0,4.090909090909091,0.007818996078366324,0.002737151,0.00046785283037114044,0.012293011536438893,0.0032025659545451566,0.0010014966140028019,0.003136071748529447,0.005804290666687754,0.0062098029198447615,0.008624122770947098,0.009876851219492302,0.01081009823816719,0.011551554887303042,0.012144720206611724,0.0024391115,0.0031117797,0.0002646276508305494,0.002439284324645996,0.0024399757385253906,0.002440840005874634,0.002539604902267456,0.002681732177734375,0.002953276038169861,0.0031091272830963135,0.003110453486442566,0.003111514449119568,Adam,0.5,False,False,0.95,0.001
8300,100.0,2.0,4.090909090909091,0.006949234965083453,0.0027347424,0.0017106716307877991,0.010020031621984338,0.0029811238383391963,0.0017721129259948255,0.0020178781068229306,0.0023250845828580624,0.005538423817972421,0.007259270421300861,0.009456904176329939,0.009897955968895063,0.0099589937954397,0.010007824056675411,0.0024225116,0.0032084584,0.0002724959441082763,0.0024279356002807617,0.002449631690979004,0.0024767518043518066,0.0025445669889450073,0.0026319026947021484,0.0028396695852279663,0.003208458423614502,0.003208458423614502,0.003208458423614502,Adam,0.5,False,False,0.95,0.001
8400,100.0,2.0,4.090909090909091,0.00892264969907784,0.002652946,0.004973831140771759,0.011488728257737054,0.0023532226062291405,0.005022058797108486,0.005214969422455399,0.005456107704139039,0.007722339819327881,0.008848827369552077,0.011185942628103046,0.011453066803356936,0.011470897530546996,0.011485162112299042,0.002340287,0.003037274,0.0002474306903488304,0.002346298098564148,0.0023703426122665405,0.0024003982543945312,0.0024431198835372925,0.002627938985824585,0.0028763115406036377,0.002950221300125122,0.002993747591972351,0.003028568625450134,Adam,0.5,False,False,0.95,0.001
8500,100.0,2.0,4.090909090909091,0.008130602960252224,0.0027199576,0.002305415693103677,0.013622994832995696,0.0035539570192030176,0.0024603363055004717,0.00308001875508765,0.003854621817071622,0.004949857592970879,0.009636767932718403,0.010174622375437117,0.011235651214703522,0.012429323023849609,0.01338426047116648,0.0023150444,0.002922535,0.00020483294067308113,0.002326858043670654,0.002374112606048584,0.002433180809020996,0.002624824643135071,0.0027490854263305664,0.0029036998748779297,0.002915412187576294,0.0029189735651016235,0.0029218226671218874,Adam,0.5,False,False,0.95,0.001
8600,100.0,2.0,4.090909090909091,0.00699172104765654,0.0027338294,0.003876676008110481,0.010414950718708451,0.002449982999175068,0.003876676008110481,0.003876676008110481,0.003876676008110481,0.005066621096494502,0.0068767496926757776,0.009134066713363635,0.010087118511619045,0.010251034615163749,0.01038216749799951,0.0023187697,0.0031870306,0.000317673489525425,0.002320846915245056,0.0023291558027267456,0.0023395419120788574,0.002454787492752075,0.002833247184753418,0.00297527015209198,0.0031121373176574707,0.00314958393573761,0.003179541230201721,Adam,0.5,False,False,0.95,0.001
8700,100.0,2.0,4.090909090909091,0.00529670957461612,0.0026585676,0.0006737936830011122,0.010265545256659143,0.0030907113555380004,0.0006737936830011122,0.0006737936830011122,0.0006737936830011122,0.003499407968535744,0.005534436888260551,0.007173165315457996,0.008805568249756444,0.009535556753207794,0.010119547555968873,0.0023501217,0.0030715168,0.00023131923160608182,0.0023554980754852293,0.0023770034313201904,0.0024038851261138916,0.002481818199157715,0.0025834739208221436,0.002818554639816284,0.00287550687789917,0.002973511815071106,0.003051915764808655,Adam,0.5,False,False,0.95,0.001
8800,100.0,2.0,4.090909090909091,0.006897093526281663,0.0025696727,0.0009076154092917396,0.010732552626401685,0.0030293073799863633,0.0012818693376166661,0.0027788850509163727,0.0046501546925410055,0.004820008286742209,0.007379713029133789,0.009135116469058527,0.01072676320714779,0.010729657916774738,0.010731973684476296,0.0022747219,0.0029203892,0.00020002503311258588,0.0022782772779464723,0.0022924989461898804,0.0023102760314941406,0.002440124750137329,0.0025533437728881836,0.002720937132835388,0.0027421414852142334,0.0028312653303146362,0.0029025644063949588,Adam,0.5,False,False,0.95,0.001
8900,100.0,2.0,4.090909090909091,0.007359809168149844,0.0026800795,0.0037904378073177775,0.01124110638043173,0.002168760115139837,0.003947262835761496,0.004574562949536367,0.005358688091754957,0.005522772842011477,0.008204338592068747,0.008709458547763156,0.00895940917964143,0.01010025778003658,0.0110129366603527,0.0023191571,0.0032137036,0.00027751000562389427,0.002322283387184143,0.00233478844165802,0.002350419759750366,0.002462029457092285,0.0026407241821289062,0.0028563588857650757,0.0028994977474212646,0.0030566006898880005,0.0031822830438613895,Adam,0.5,False,False,0.95,0.001
9000,100.0,2.0,4.090909090909091,0.007614317157125582,0.0025193042,0.004237728417602453,0.010246938654247298,0.0017998172785055214,0.0043380718665619565,0.004739445662399968,0.0052411629071974835,0.006555990585007154,0.007889558046770799,0.008818921857352259,0.008953180219242188,0.009600059436744742,0.010117562810746787,0.0022304952,0.0031346679,0.00024785493467789567,0.002233201265335083,0.002244025468826294,0.0022575557231903076,0.0023620128631591797,0.002495795488357544,0.002598494291305542,0.0026360154151916504,0.0028853416442871094,0.0030848026275634766,Adam,0.5,False,False,0.95,0.001
9100,100.0,2.0,4.090909090909091,0.008629719262629305,0.0026267387,0.006413552733814801,0.01432190685162289,0.0024042464082451964,0.006425610701503245,0.006473842572257022,0.006534132410699243,0.006773665845843492,0.008087639524423621,0.009437293260670429,0.011043155906956452,0.012682531379289671,0.013994031757156248,0.002197653,0.002885908,0.00022586368397712621,0.0022137492895126345,0.0022781342267990112,0.0023586153984069824,0.0024670809507369995,0.002714484930038452,0.002789437770843506,0.002817779779434204,0.00285184383392334,0.0028790950775146483,Adam,0.5,False,False,0.95,0.001
9200,100.0,2.0,4.090909090909091,0.00677594656756103,0.0024837689,0.0015203333456673131,0.00942157325550079,0.0025933182336237686,0.0018295876938987292,0.003066605086824393,0.004612876827981473,0.00518165659933334,0.006305502457642937,0.009378429060111703,0.009379759588628616,0.009400666422064703,0.009417391888813572,0.0022411048,0.002799064,0.0001616399839718395,0.002246508002281189,0.0022681206464767456,0.0022951364517211914,0.0023657232522964478,0.0025074779987335205,0.0025485605001449585,0.002639591693878174,0.0027193278074264526,0.0027831166982650755,Adam,0.5,False,False,0.95,0.001
9300,100.0,2.0,4.090909090909091,0.007444290646942269,0.0024888462,0.003916951139701489,0.01247343242594508,0.003134235206048594,0.003923467118902238,0.003949531035705233,0.003982110931708976,0.00536930386208302,0.006621345875484414,0.009239292854764236,0.012170743052904737,0.012322087739424909,0.012443163488641046,0.0022580922,0.0027102232,0.00012695983177971217,0.0022691041231155396,0.0023131519556045532,0.0023682117462158203,0.0024033784866333008,0.0024926066398620605,0.0025737881660461426,0.0026117563247680664,0.002660989761352539,0.0027003765106201174,Adam,0.5,False,False,0.95,0.001
9400,100.0,2.0,4.090909090909091,0.006898442299092713,0.0025194965,0.003129934697866721,0.009483192010012036,0.0020783865608087,0.00317808171283486,0.0033706697727074143,0.003611404847548107,0.006000241001193259,0.007620923346160147,0.008509098700591505,0.008742606218141692,0.009112899114076863,0.009409133430825002,0.002241522,0.0029583573,0.0002322601310827407,0.0022428750991821287,0.0022482872009277344,0.002255052328109741,0.002307325601577759,0.0025274455547332764,0.002682030200958252,0.0027310848236083984,0.0028447210788726807,0.0029356300830841067,Adam,0.5,False,False,0.95,0.001
9500,100.0,2.0,4.090909090909091,0.006406463815258559,0.0024736198,0.0019173635768814379,0.012798484994333647,0.004043937190722548,0.0019476702909305165,0.002068897147126831,0.0022204307173722244,0.0027795908550969682,0.007653248451199637,0.008193693267740129,0.012721712832306296,0.012760098913319973,0.012790807778130912,0.0022093654,0.0031709373,0.0002526829926363072,0.002217304706573486,0.0022490620613098145,0.0022887587547302246,0.0023838430643081665,0.002425968647003174,0.0024471133947372437,0.0026182830333709717,0.0028946101665496826,0.0031156718730926515,Adam,0.5,False,False,0.95,0.001
9600,100.0,2.0,4.090909090909091,0.005323694387839974,0.002463636,0.0023831136200057348,0.008005560072599206,0.001608699662592539,0.002486073289616686,0.002897911968060492,0.0034127103161152492,0.004759920046082381,0.005425893628566344,0.005809122470386431,0.007600101023825522,0.007802830548212365,0.007965014167721838,0.0023117363,0.002751559,0.0001310667793848978,0.0023150235414505006,0.0023281723260879517,0.0023446083068847656,0.0023679733276367188,0.002440154552459717,0.002532944083213806,0.0025858283042907715,0.0026686936616897583,0.002734985947608948,Adam,0.5,False,False,0.95,0.001
9700,100.0,2.0,4.090909090909091,0.007999058696147135,0.0024177567,0.004627917435679244,0.012466634937793266,0.002151905368891413,0.004803956917019569,0.005508114842380869,0.0063883122490824935,0.007115570764533953,0.007444320138944911,0.008462973382123415,0.011025890668649296,0.011746262803221282,0.012322560510878868,0.002175361,0.0026813745,0.00013851567140539197,0.0021822988986968995,0.0022100508213043213,0.0022447407245635986,0.002355724573135376,0.0024413764476776123,0.0024968087673187256,0.0025187134742736816,0.002600044012069702,0.0026651084423065185,Adam,0.5,False,False,0.95,0.001
9800,100.0,2.0,4.090909090909091,0.0066520262915436106,0.0024033731,0.0005533398859025648,0.011396400260124555,0.0030717713455304823,0.0009219437914412415,0.0023963594135959485,0.004239378941289332,0.004925539413791954,0.006495883423667082,0.00818316440936336,0.010822228911187313,0.011109314585655934,0.011338983125230831,0.0021598637,0.002903521,0.00020660445532301124,0.0021606594324111938,0.0021638423204421997,0.002167820930480957,0.002287819981575012,0.002388179302215576,0.0024499893188476562,0.002542853355407715,0.002723187208175659,0.0028674542903900147,Adam,0.5,False,False,0.95,0.001
9900,100.0,2.0,4.090909090909091,0.005485821873154461,0.002361452,0.0019328256442707992,0.00926275345151127,0.0027514451481435677,0.0019798911832672596,0.0021681533392531012,0.002403481034235403,0.002701712529161992,0.00580386695195982,0.0080532903279851,0.008551905962430825,0.008907329706971046,0.009191668702603226,0.0020413995,0.0025886893,0.0001756964845284859,0.0020454734563827514,0.0020617693662643433,0.002082139253616333,0.002274125814437866,0.0024227499961853027,0.002457946538925171,0.002535909414291382,0.002562299370765686,0.0025834113359451292,Adam,0.5,False,False,0.95,0.001
