M,N,repetition,iter,loss,med_percentage_error
100,2,0,0,0.42749351094992877,0.0476287
100,2,0,100,0.14985013419146254,0.08883488
100,2,0,200,0.11739360645447684,0.07885343
100,2,0,300,0.09362899401680236,0.05954045
100,2,0,400,0.08209386490787296,0.040751696
100,2,0,500,0.07331657764451975,0.031371266
100,2,0,600,0.0762484025445871,0.029892236
100,2,0,700,0.05289362773513771,0.024637282
100,2,0,800,0.052263537730176654,0.01788482
100,2,0,900,0.03890243757673084,0.012618452
100,2,0,1000,0.031312875526283625,0.010827422
100,2,0,1100,0.029328838435802605,0.011149049
100,2,0,1200,0.03120121836472273,0.010922134
100,2,0,1300,0.023806329729837268,0.010782719
100,2,0,1400,0.019829880294735397,0.010917753
100,2,0,1500,0.021460917248645166,0.011026859
100,2,0,1600,0.02001657405969934,0.010855526
100,2,0,1700,0.01750874902281384,0.010623604
100,2,0,1800,0.014839054685778176,0.010339886
100,2,0,1900,0.022173950253777545,0.010155916
100,2,0,2000,0.017419130781144106,0.009727359
100,2,0,2100,0.019214320753044408,0.009164631
100,2,0,2200,0.016204440656295883,0.008691758
100,2,0,2300,0.017222326085122235,0.008148789
100,2,0,2400,0.015399864825952889,0.007385224
100,2,0,2500,0.014565377387177668,0.00684011
100,2,0,2600,0.018085413355163397,0.006142676
100,2,0,2700,0.012770144516780999,0.005924791
100,2,0,2800,0.017034612541612634,0.0058271885
100,2,0,2900,0.012833346348664537,0.005302906
100,2,0,3000,0.01597740126689636,0.0050189495
100,2,0,3100,0.013152184422969357,0.005103439
100,2,0,3200,0.015031962084811818,0.00487864
100,2,0,3300,0.012678201886774714,0.004536301
100,2,0,3400,0.015063094759481324,0.004728079
100,2,0,3500,0.013160556294797147,0.0044966936
100,2,0,3600,0.011653488701332877,0.0043577254
100,2,0,3700,0.014546026922857705,0.0045599043
100,2,0,3800,0.014003425808370345,0.004319072
100,2,0,3900,0.010578368742286749,0.0040115416
100,2,0,4000,0.013375866481106342,0.0039551854
100,2,0,4100,0.008997786934884918,0.0041756034
100,2,0,4200,0.014279696961892144,0.0041204095
100,2,0,4300,0.011148331203401708,0.003876388
100,2,0,4400,0.013643939245429256,0.00421077
100,2,0,4500,0.010109592992955179,0.003859222
100,2,0,4600,0.010794758848692016,0.0037370622
100,2,0,4700,0.01298651201434526,0.003872931
100,2,0,4800,0.013762617827478648,0.0039910674
100,2,0,4900,0.012487707342859216,0.0037210584
100,2,0,5000,0.01467162621438762,0.0038102865
100,2,0,5100,0.011972233957743326,0.0036922097
100,2,0,5200,0.012294189908173674,0.004001528
100,2,0,5300,0.009423111483151553,0.0037027895
100,2,0,5400,0.010072739732371652,0.0036506355
100,2,0,5500,0.014977649910919499,0.0034407675
100,2,0,5600,0.01014614746146614,0.0034478009
100,2,0,5700,0.010823230615663182,0.0034121275
100,2,0,5800,0.0073679838338617035,0.0035330057
100,2,0,5900,0.010134511330131187,0.0034874678
100,2,0,6000,0.013465266443321001,0.0035730898
100,2,0,6100,0.01350634980586987,0.0034115314
100,2,0,6200,0.012144738041119318,0.0032103658
100,2,0,6300,0.009976448970172424,0.0035907626
100,2,0,6400,0.012419571114624777,0.0033470988
100,2,0,6500,0.012027663651985338,0.0032215416
100,2,0,6600,0.009039863502303496,0.0032141507
100,2,0,6700,0.009061749320987283,0.0032252073
100,2,0,6800,0.009506393969959535,0.0034937263
100,2,0,6900,0.010823592282150213,0.0030867755
100,2,0,7000,0.009298446458849231,0.0034424663
100,2,0,7100,0.00564495770563919,0.0036722422
100,2,0,7200,0.009770104751680424,0.003344059
100,2,0,7300,0.008774777648607191,0.0034246743
100,2,0,7400,0.010749975951881388,0.0032652318
100,2,0,7500,0.010256478861110528,0.0033731163
100,2,0,7600,0.00885832297450483,0.00321275
100,2,0,7700,0.009982535057129687,0.0030142963
100,2,0,7800,0.010525414437919014,0.0029395223
100,2,0,7900,0.0070427323791699605,0.0031113625
100,2,0,8000,0.0055424564803569455,0.002883315
100,2,0,8100,0.011555331325028157,0.002939254
100,2,0,8200,0.008624122770947098,0.0031091273
100,2,0,8300,0.009897955968895063,0.0032084584
100,2,0,8400,0.011185942628103046,0.0029502213
100,2,0,8500,0.009636767932718403,0.0029154122
100,2,0,8600,0.003876676008110481,0.0028332472
100,2,0,8700,0.0006737936830011122,0.0028185546
100,2,0,8800,0.007379713029133789,0.0027421415
100,2,0,8900,0.005522772842011477,0.0028465688
100,2,0,9000,0.008693741935948462,0.002564162
100,2,0,9100,0.006534132410699243,0.0027894378
100,2,0,9200,0.009379759588628616,0.0025338233
100,2,0,9300,0.007137876321070647,0.0025737882
100,2,0,9400,0.008742606218141692,0.0027310848
100,2,0,9500,0.0022204307173722244,0.0024317503
100,2,0,9600,0.005425893628566344,0.0025858283
100,2,0,9700,0.007444320138944911,0.0024968088
100,2,0,9800,0.004925539413791954,0.0024499893
100,2,0,9900,0.0080532903279851,0.0024579465
100,2,0,0,0.42749351094992877,0.0476287
100,2,0,100,0.14985013419146254,0.08883488
100,2,0,200,0.11739360645447684,0.07885343
100,2,0,300,0.09362899401680236,0.05954045
100,2,0,400,0.08209386490787296,0.040751696
100,2,0,500,0.07331657764451975,0.031371266
100,2,0,600,0.0762484025445871,0.029892236
100,2,0,700,0.05289362773513771,0.024637282
100,2,0,800,0.052263537730176654,0.01788482
100,2,0,900,0.03890243757673084,0.012618452
100,2,0,1000,0.031312875526283625,0.010827422
100,2,0,1100,0.029328838435802605,0.011149049
100,2,0,1200,0.03120121836472273,0.010922134
100,2,0,1300,0.023806329729837268,0.010782719
100,2,0,1400,0.019829880294735397,0.010917753
100,2,0,1500,0.021460917248645166,0.011026859
100,2,0,1600,0.02001657405969934,0.010855526
100,2,0,1700,0.01750874902281384,0.010623604
100,2,0,1800,0.014839054685778176,0.010339886
100,2,0,1900,0.022173950253777545,0.010155916
100,2,0,2000,0.017419130781144106,0.009727359
100,2,0,2100,0.019214320753044408,0.009164631
100,2,0,2200,0.016204440656295883,0.008691758
100,2,0,2300,0.017222326085122235,0.008148789
100,2,0,2400,0.015399864825952889,0.007385224
100,2,0,2500,0.014565377387177668,0.00684011
100,2,0,2600,0.018085413355163397,0.006142676
100,2,0,2700,0.012770144516780999,0.005924791
100,2,0,2800,0.017034612541612634,0.0058271885
100,2,0,2900,0.012833346348664537,0.005302906
100,2,0,3000,0.01597740126689636,0.0050189495
100,2,0,3100,0.013152184422969357,0.005103439
100,2,0,3200,0.015031962084811818,0.00487864
100,2,0,3300,0.012678201886774714,0.004536301
100,2,0,3400,0.015063094759481324,0.004728079
100,2,0,3500,0.013160556294797147,0.0044966936
100,2,0,3600,0.011653488701332877,0.0043577254
100,2,0,3700,0.014546026922857705,0.0045599043
100,2,0,3800,0.014003425808370345,0.004319072
100,2,0,3900,0.010578368742286749,0.0040115416
100,2,0,4000,0.013375866481106342,0.0039551854
100,2,0,4100,0.008997786934884918,0.0041756034
100,2,0,4200,0.014279696961892144,0.0041204095
100,2,0,4300,0.011148331203401708,0.003876388
100,2,0,4400,0.013643939245429256,0.00421077
100,2,0,4500,0.010109592992955179,0.003859222
100,2,0,4600,0.010794758848692016,0.0037370622
100,2,0,4700,0.01298651201434526,0.003872931
100,2,0,4800,0.013762617827478648,0.0039910674
100,2,0,4900,0.012487707342859216,0.0037210584
100,2,0,5000,0.01467162621438762,0.0038102865
100,2,0,5100,0.011972233957743326,0.0036922097
100,2,0,5200,0.012294189908173674,0.004001528
100,2,0,5300,0.009423111483151553,0.0037027895
100,2,0,5400,0.010072739732371652,0.0036506355
100,2,0,5500,0.014977649910919499,0.0034407675
100,2,0,5600,0.01014614746146614,0.0034478009
100,2,0,5700,0.010823230615663182,0.0034121275
100,2,0,5800,0.0073679838338617035,0.0035330057
100,2,0,5900,0.010134511330131187,0.0034874678
100,2,0,6000,0.013465266443321001,0.0035730898
100,2,0,6100,0.01350634980586987,0.0034115314
100,2,0,6200,0.012144738041119318,0.0032103658
100,2,0,6300,0.009976448970172424,0.0035907626
100,2,0,6400,0.012419571114624777,0.0033470988
100,2,0,6500,0.012027663651985338,0.0032215416
100,2,0,6600,0.009039863502303496,0.0032141507
100,2,0,6700,0.009061749320987283,0.0032252073
100,2,0,6800,0.009506393969959535,0.0034937263
100,2,0,6900,0.010823592282150213,0.0030867755
100,2,0,7000,0.009298446458849231,0.0034424663
100,2,0,7100,0.00564495770563919,0.0036722422
100,2,0,7200,0.009770104751680424,0.003344059
100,2,0,7300,0.008774777648607191,0.0034246743
100,2,0,7400,0.010749975951881388,0.0032652318
100,2,0,7500,0.010256478861110528,0.0033731163
100,2,0,7600,0.00885832297450483,0.00321275
100,2,0,7700,0.009982535057129687,0.0030142963
100,2,0,7800,0.010525414437919014,0.0029395223
100,2,0,7900,0.0070427323791699605,0.0031113625
100,2,0,8000,0.0055424564803569455,0.002883315
100,2,0,8100,0.011555331325028157,0.002939254
100,2,0,8200,0.008624122770947098,0.0031091273
100,2,0,8300,0.009897955968895063,0.0032084584
100,2,0,8400,0.011185942628103046,0.0029502213
100,2,0,8500,0.009636767932718403,0.0029154122
100,2,0,8600,0.003876676008110481,0.0028332472
100,2,0,8700,0.0006737936830011122,0.0028185546
100,2,0,8800,0.007379713029133789,0.0027421415
100,2,0,8900,0.005522772842011477,0.0028465688
100,2,0,9000,0.008693741935948462,0.002564162
100,2,0,9100,0.006534132410699243,0.0027894378
100,2,0,9200,0.009379759588628616,0.0025338233
100,2,0,9300,0.007137876321070647,0.0025737882
100,2,0,9400,0.008742606218141692,0.0027310848
100,2,0,9500,0.0022204307173722244,0.0024317503
100,2,0,9600,0.005425893628566344,0.0025858283
100,2,0,9700,0.007444320138944911,0.0024968088
100,2,0,9800,0.004925539413791954,0.0024499893
100,2,0,9900,0.0080532903279851,0.0024579465
100,2,1,0,0.47104954931296106,0.047603607
100,2,1,100,0.15475137384032858,0.092039466
100,2,1,200,0.12589740484076326,0.08275294
100,2,1,300,0.089435697715322,0.05719906
100,2,1,400,0.10830074926019854,0.0381397
100,2,1,500,0.08070524563731248,0.030469358
100,2,1,600,0.07580003702161534,0.02357763
100,2,1,700,0.059414436864582636,0.013897568
100,2,1,800,0.04023434826470385,0.011671692
100,2,1,900,0.03553111505126321,0.013478339
100,2,1,1000,0.029057375152572174,0.0142273605
100,2,1,1100,0.030276337799994606,0.014839947
100,2,1,1200,0.022923117363272422,0.013503581
100,2,1,1300,0.02289392399328326,0.013485581
100,2,1,1400,0.020552701017578716,0.013107181
100,2,1,1500,0.022999376412449955,0.012750924
100,2,1,1600,0.022970056964951305,0.012751341
100,2,1,1700,0.019332166897748183,0.012100667
100,2,1,1800,0.017514648998484882,0.01215142
100,2,1,1900,0.021109455165139037,0.011785835
100,2,1,2000,0.02096990127039465,0.011227906
100,2,1,2100,0.02137929445129821,0.011264473
100,2,1,2200,0.014923398964575727,0.010514557
100,2,1,2300,0.017990013620560515,0.010070175
100,2,1,2400,0.021134838511291328,0.009659529
100,2,1,2500,0.0182112177190451,0.009154737
100,2,1,2600,0.024696011875347885,0.00888744
100,2,1,2700,0.017738092892442058,0.008552074
100,2,1,2800,0.014951623083528168,0.008191556
100,2,1,2900,0.01464618576147647,0.007442206
100,2,1,3000,0.018563525704983,0.0075208247
100,2,1,3100,0.015399998534078845,0.0071213543
100,2,1,3200,0.016422569015240026,0.0066382587
100,2,1,3300,0.010451691326049435,0.0065479577
100,2,1,3400,0.016363068218169474,0.0061603487
100,2,1,3500,0.015488866468614288,0.0062924623
100,2,1,3600,0.016867770033106622,0.0060468316
100,2,1,3700,0.01111631124707235,0.005691111
100,2,1,3800,0.017003851208903367,0.005427718
100,2,1,3900,0.00995659882708134,0.00518018
100,2,1,4000,0.014001890872769578,0.004941821
100,2,1,4100,0.014026407899168696,0.004779756
100,2,1,4200,0.01097209292956923,0.0046069026
100,2,1,4300,0.01078154252742155,0.0044362247
100,2,1,4400,0.0085519923181476,0.0044768453
100,2,1,4500,0.009930807333518662,0.0044187903
100,2,1,4600,0.016543016914986636,0.0044069886
100,2,1,4700,0.012481493003996754,0.004305631
100,2,1,4800,0.009636667514464965,0.004328668
100,2,1,4900,0.012617837073335686,0.0043930113
100,2,1,5000,0.009037049624772349,0.0042193234
100,2,1,5100,0.010027827345697508,0.004159391
100,2,1,5200,0.0072012760353276275,0.0039443374
100,2,1,5300,0.008191694000452533,0.0039919913
100,2,1,5400,0.010365784421695699,0.0037758946
100,2,1,5500,0.012295150987628019,0.0040798485
100,2,1,5600,0.00894492865542129,0.0040412843
100,2,1,5700,0.011323072790809158,0.0037683547
100,2,1,5800,0.00958564997218404,0.0035745502
100,2,1,5900,0.010820997494380903,0.0035010278
100,2,1,6000,0.011471566598314817,0.0032085776
100,2,1,6100,0.007817894220749803,0.003412068
100,2,1,6200,0.007678136811815108,0.0030963123
100,2,1,6300,0.012512724563316143,0.003237486
100,2,1,6400,0.01052132613386776,0.0033055544
100,2,1,6500,0.006978911758837516,0.0032140017
100,2,1,6600,0.012308991905462629,0.0029827952
100,2,1,6700,0.008482271665079328,0.0029427707
100,2,1,6800,0.0031369907308295064,0.0028908253
100,2,1,6900,0.0039985834334935666,0.0030340552
100,2,1,7000,0.007687278983920676,0.0028743744
100,2,1,7100,0.010034988407276233,0.002755642
100,2,1,7200,0.007115005079681362,0.0029314756
100,2,1,7300,0.007782049739770874,0.002746284
100,2,1,7400,0.006452425110447098,0.0026569664
100,2,1,7500,0.007583336565864604,0.002559334
100,2,1,7600,0.008717810629944483,0.00285241
100,2,1,7700,0.00995050053266894,0.0027243495
100,2,1,7800,0.007039165677067011,0.0025760531
100,2,1,7900,0.008239666620507036,0.002565354
100,2,1,8000,0.006482253621259782,0.0025063455
100,2,1,8100,0.011755979775726278,0.0024481416
100,2,1,8200,0.00650848255013469,0.0026032925
100,2,1,8300,0.009015852383764815,0.0024225116
100,2,1,8400,0.005456107704139039,0.002449751
100,2,1,8500,0.002305415693103677,0.0026134253
100,2,1,8600,0.009127372506859676,0.0024123788
100,2,1,8700,0.0036029103818841384,0.0024843216
100,2,1,8800,0.006181267283847018,0.002629459
100,2,1,8900,0.006616493162772772,0.0023504198
100,2,1,9000,0.010246938654247298,0.0023398697
100,2,1,9100,0.006413552733814801,0.0025562644
100,2,1,9200,0.006305502457642937,0.0024766922
100,2,1,9300,0.004947254617047591,0.0024813414
100,2,1,9400,0.006608511618960132,0.0023355484
100,2,1,9500,0.00870037115444729,0.0023721457
100,2,1,9600,0.005683641619906761,0.0024800599
100,2,1,9700,0.008096837153719207,0.0025187135
100,2,1,9800,0.007749986554529391,0.002226144
100,2,1,9900,0.004744103858275934,0.00242275
100,2,2,0,0.4695127639051127,0.047642082
100,2,2,100,0.16095037825454936,0.08953673
100,2,2,200,0.10413989726454063,0.07873124
100,2,2,300,0.11150757648429944,0.059884965
100,2,2,400,0.09113749624905534,0.041302085
100,2,2,500,0.08772310610895895,0.031215131
100,2,2,600,0.07361838050077232,0.029990375
100,2,2,700,0.06226654895936939,0.02148056
100,2,2,800,0.04782739340313913,0.012642205
100,2,2,900,0.03485243539106141,0.011215955
100,2,2,1000,0.028477340303010416,0.011723757
100,2,2,1100,0.026365976614874977,0.0111037195
100,2,2,1200,0.020757769723158275,0.010438889
100,2,2,1300,0.023023778446884514,0.010710031
100,2,2,1400,0.022292823189363303,0.010510981
100,2,2,1500,0.018709968976605904,0.0100875795
100,2,2,1600,0.021629276981986353,0.009620547
100,2,2,1700,0.022306686161920983,0.00932008
100,2,2,1800,0.019397911513589553,0.00908187
100,2,2,1900,0.015290608607610246,0.008384138
100,2,2,2000,0.01727110242912001,0.008322477
100,2,2,2100,0.016215529208052894,0.0082063675
100,2,2,2200,0.017229974517196392,0.0073413253
100,2,2,2300,0.019028570313263788,0.0072385073
100,2,2,2400,0.01606302751430302,0.0073791146
100,2,2,2500,0.01772774410507478,0.006835073
100,2,2,2600,0.01295504328075895,0.006462276
100,2,2,2700,0.016455984126032483,0.006314695
100,2,2,2800,0.015312111193357736,0.0060989857
100,2,2,2900,0.012850293414594746,0.0058765113
100,2,2,3000,0.01732064963252684,0.0057595074
100,2,2,3100,0.012018614045927438,0.005342245
100,2,2,3200,0.01668587131691624,0.0054163337
100,2,2,3300,0.012755333481404507,0.004942894
100,2,2,3400,0.014408093392600786,0.004814774
100,2,2,3500,0.009734118943569377,0.004715234
100,2,2,3600,0.014004936157944509,0.0043357313
100,2,2,3700,0.014271918880976434,0.004493892
100,2,2,3800,0.015313353254730273,0.004402876
100,2,2,3900,0.01482891130058416,0.0041733086
100,2,2,4000,0.01165341377804228,0.0041348636
100,2,2,4100,0.015422330872593896,0.003913939
100,2,2,4200,0.010978646374352946,0.0038829148
100,2,2,4300,0.012669258594976678,0.0038592517
100,2,2,4400,0.01280154714546327,0.0038340092
100,2,2,4500,0.010484736204631914,0.0037953854
100,2,2,4600,0.01309144412193903,0.0038425326
100,2,2,4700,0.01727741540921552,0.0036723912
100,2,2,4800,0.010541375285947195,0.0037758946
100,2,2,4900,0.014069746430284762,0.0036877096
100,2,2,5000,0.018478067522771625,0.003636241
100,2,2,5100,0.015686293054382794,0.0035268366
100,2,2,5200,0.013008773205480224,0.0035938323
100,2,2,5300,0.01459384869548126,0.003308475
100,2,2,5400,0.013125684831519258,0.0034861267
100,2,2,5500,0.01067937938416902,0.003332287
100,2,2,5600,0.009813208435851156,0.003543079
100,2,2,5700,0.006418222764623688,0.0032464266
100,2,2,5800,0.008472867282631824,0.0033542216
100,2,2,5900,0.010183104815971228,0.0032238364
100,2,2,6000,0.009076563329317175,0.00362733
100,2,2,6100,0.0073179391922508575,0.0033271313
100,2,2,6200,0.01163112644077914,0.0031712353
100,2,2,6300,0.01090191292103705,0.0037653148
100,2,2,6400,0.010330917539158586,0.0030875802
100,2,2,6500,0.008812191369538988,0.0031251013
100,2,2,6600,0.00940189855115475,0.0031944811
100,2,2,6700,0.00941652128353004,0.0031037033
100,2,2,6800,0.007655867899603559,0.003132701
100,2,2,6900,0.007881425814438694,0.0031149685
100,2,2,7000,0.009925247045521356,0.0029803813
100,2,2,7100,0.012926702695093462,0.0031050742
100,2,2,7200,0.013215657379413357,0.0029635727
100,2,2,7300,0.0065863153837381755,0.0029943585
100,2,2,7400,0.015212093428804281,0.0029824972
100,2,2,7500,0.00802669233036507,0.0030803084
100,2,2,7600,0.008914796520255472,0.0029245615
100,2,2,7700,0.010608375775595614,0.0029231906
100,2,2,7800,0.008625275154136835,0.002908945
100,2,2,7900,0.009862008402153344,0.0028730333
100,2,2,8000,0.004128019129554255,0.0034152567
100,2,2,8100,0.007456572556981839,0.002978772
100,2,2,8200,0.005804290666687754,0.0027187765
100,2,2,8300,0.006426462160303352,0.0027698576
100,2,2,8400,0.011488728257737054,0.0028024018
100,2,2,8500,0.009643711619971365,0.002722919
100,2,2,8600,0.006342938565912156,0.0031870306
100,2,2,8700,0.008805568249756444,0.0028160512
100,2,2,8800,0.0009076154092917396,0.0026997328
100,2,2,8900,0.008322964856111602,0.0025740266
100,2,2,9000,0.004237728417602453,0.0026360154
100,2,2,9100,0.008087639524423621,0.0027782023
100,2,2,9200,0.00937709853159479,0.0025632977
100,2,2,9300,0.003982110931708976,0.0026117563
100,2,2,9400,0.007667613147761477,0.002563119
100,2,2,9500,0.012798484994333647,0.0024624765
100,2,2,9600,0.004866344464629593,0.0024145246
100,2,2,9700,0.0069855247327369595,0.00237149
100,2,2,9800,0.011396400260124555,0.002357483
100,2,2,9900,0.00926275345151127,0.0023015738
100,2,3,0,0.4548785709430676,0.047627866
100,2,3,100,0.12052570052596123,0.09391791
100,2,3,200,0.11924742773718627,0.07977843
100,2,3,300,0.11136938050116921,0.059733987
100,2,3,400,0.10029007165544762,0.038469672
100,2,3,500,0.07079664415571488,0.03087151
100,2,3,600,0.06746125492867258,0.022560328
100,2,3,700,0.054069824239419334,0.013433725
100,2,3,800,0.03316383631890836,0.0123592615
100,2,3,900,0.030159369074834526,0.013518214
100,2,3,1000,0.026614020587607295,0.014333159
100,2,3,1100,0.023471395499959354,0.013874352
100,2,3,1200,0.02343878891500216,0.0128415525
100,2,3,1300,0.023068678925222446,0.012521207
100,2,3,1400,0.024705582838235648,0.012733787
100,2,3,1500,0.020807212995971075,0.012128681
100,2,3,1600,0.01937029650484729,0.0115242
100,2,3,1700,0.02380860718475601,0.011567205
100,2,3,1800,0.015555723663767663,0.010776937
100,2,3,1900,0.01571250789406183,0.010406733
100,2,3,2000,0.01976777595333963,0.010045648
100,2,3,2100,0.01902823153027973,0.009573817
100,2,3,2200,0.019225264335407583,0.009054601
100,2,3,2300,0.01916099463144172,0.008737326
100,2,3,2400,0.017263546396186387,0.008279204
100,2,3,2500,0.01868674145435056,0.008022666
100,2,3,2600,0.016712769927310873,0.0072851777
100,2,3,2700,0.015686397882267923,0.006987065
100,2,3,2800,0.017423529434124053,0.006683558
100,2,3,2900,0.013186303275323616,0.0066148937
100,2,3,3000,0.014793744213458075,0.0063918233
100,2,3,3100,0.017098500409431484,0.006091118
100,2,3,3200,0.01074102751743648,0.0054923296
100,2,3,3300,0.012748220583540356,0.0053502917
100,2,3,3400,0.013496410786055835,0.005112171
100,2,3,3500,0.012501846070986665,0.0050829053
100,2,3,3600,0.0181183768256155,0.004595399
100,2,3,3700,0.017543973131739034,0.004541993
100,2,3,3800,0.010555505146729425,0.004598856
100,2,3,3900,0.013149424707668342,0.0042741
100,2,3,4000,0.010097554822445554,0.0041720867
100,2,3,4100,0.014282519488305867,0.004086554
100,2,3,4200,0.01301286336743764,0.0041600764
100,2,3,4300,0.011730790782111665,0.004001677
100,2,3,4400,0.009658373917616236,0.0038508177
100,2,3,4500,0.007957579647469598,0.0040374994
100,2,3,4600,0.010953578216817321,0.003712058
100,2,3,4700,0.013745131882207412,0.0037267506
100,2,3,4800,0.014459797045704506,0.0041914284
100,2,3,4900,0.013839459337904543,0.003775686
100,2,3,5000,0.012429702705881108,0.0035654306
100,2,3,5100,0.012265232337677043,0.003708601
100,2,3,5200,0.008175327006644362,0.003441453
100,2,3,5300,0.00879096715872871,0.0036367774
100,2,3,5400,0.012405865297888433,0.00329113
100,2,3,5500,0.009619074015822437,0.0033459663
100,2,3,5600,0.013513181569237975,0.0031774044
100,2,3,5700,0.012055987850667792,0.003180325
100,2,3,5800,0.012428435903686108,0.0032099783
100,2,3,5900,0.006678848351139238,0.0031374693
100,2,3,6000,0.0079456783448869,0.0030074716
100,2,3,6100,0.009070122429603198,0.003055662
100,2,3,6200,0.008152029477467506,0.0029807389
100,2,3,6300,0.004743426880065159,0.002920568
100,2,3,6400,0.012253384796267927,0.0030078888
100,2,3,6500,0.005120950296898882,0.0029675066
100,2,3,6600,0.011156736124181983,0.0030967295
100,2,3,6700,0.00921159704356525,0.0027378201
100,2,3,6800,0.007454081468156507,0.0028837025
100,2,3,6900,0.004572626590802129,0.003144741
100,2,3,7000,0.012650668067121928,0.0027449727
100,2,3,7100,0.010531474485303166,0.0028209686
100,2,3,7200,0.011383817892724475,0.002785921
100,2,3,7300,0.007531021580995196,0.0026884675
100,2,3,7400,0.011705800565940148,0.003101945
100,2,3,7500,0.00474865767362566,0.0025785863
100,2,3,7600,0.00958835141885649,0.0028634667
100,2,3,7700,0.009043507240691128,0.0026435554
100,2,3,7800,0.007003168108071552,0.0026194453
100,2,3,7900,0.01101122260895855,0.0026331246
100,2,3,8000,0.00249096043779963,0.002478838
100,2,3,8100,0.00460224767789895,0.0024446845
100,2,3,8200,0.005911123289554834,0.00244084
100,2,3,8300,0.010020031621984338,0.002579838
100,2,3,8400,0.009927602871296494,0.002340287
100,2,3,8500,0.011235651214703522,0.0023150444
100,2,3,8600,0.00703244639936928,0.0023187697
100,2,3,8700,0.007017385763991193,0.002583474
100,2,3,8800,0.01072676320714779,0.0022747219
100,2,3,8900,0.0037904378073177775,0.0026407242
100,2,3,9000,0.007745353662653888,0.0022575557
100,2,3,9100,0.007800855377529876,0.002197653
100,2,3,9200,0.005548456846995282,0.0022411048
100,2,3,9300,0.011340709388457826,0.0023682117
100,2,3,9400,0.008275591183041317,0.0022550523
100,2,3,9500,0.007687015381032967,0.0024259686
100,2,3,9600,0.007600101023825522,0.0023446083
100,2,3,9700,0.007245616796330946,0.002175361
100,2,3,9800,0.007161441371953631,0.0021598637
100,2,3,9900,0.006135097987720833,0.0020413995
100,2,4,0,0.48259398444363377,0.04760164
100,2,4,100,0.13498539903060014,0.086206496
100,2,4,200,0.11944353962094721,0.07621127
100,2,4,300,0.11607477080464047,0.059554577
100,2,4,400,0.09113696997553404,0.036347598
100,2,4,500,0.07756330209723841,0.03112796
100,2,4,600,0.07239410217648708,0.029060304
100,2,4,700,0.05889099344392326,0.022478163
100,2,4,800,0.05165560320096167,0.015258908
100,2,4,900,0.034701029366446284,0.012162894
100,2,4,1000,0.03895413148714319,0.012395233
100,2,4,1100,0.03317491300514166,0.012092829
100,2,4,1200,0.023461242908321685,0.01080054
100,2,4,1300,0.02419590516684022,0.011107296
100,2,4,1400,0.018415669045326044,0.010984808
100,2,4,1500,0.020687109954061946,0.010757476
100,2,4,1600,0.017816825258433498,0.010308117
100,2,4,1700,0.017507349356581527,0.01034084
100,2,4,1800,0.02241002797245816,0.00967598
100,2,4,1900,0.020466637574047424,0.009352326
100,2,4,2000,0.022393906645828503,0.009200126
100,2,4,2100,0.018597365536708127,0.008705437
100,2,4,2200,0.016442037333283324,0.008726746
100,2,4,2300,0.016307051344419014,0.008220911
100,2,4,2400,0.019945793892773473,0.008002877
100,2,4,2500,0.017628341379737057,0.0075681806
100,2,4,2600,0.020112289427315966,0.0074054003
100,2,4,2700,0.01661301666504722,0.0069123507
100,2,4,2800,0.014136789419817625,0.0066641867
100,2,4,2900,0.017112185996297668,0.00649181
100,2,4,3000,0.014733553995643868,0.006090224
100,2,4,3100,0.013828654843150035,0.0058481097
100,2,4,3200,0.014893195655401736,0.0059422553
100,2,4,3300,0.014171115153287214,0.0053904057
100,2,4,3400,0.011381837636398457,0.0052101016
100,2,4,3500,0.016075651163228902,0.005103469
100,2,4,3600,0.015914229380894162,0.004986942
100,2,4,3700,0.015956383920213837,0.0048607886
100,2,4,3800,0.012514118885887764,0.004636705
100,2,4,3900,0.015774871437374743,0.0043554604
100,2,4,4000,0.01465752935385898,0.004282564
100,2,4,4100,0.011486461407915127,0.004160702
100,2,4,4200,0.009963527744698589,0.004139751
100,2,4,4300,0.011691434137850867,0.0037904978
100,2,4,4400,0.008940368697189146,0.003793776
100,2,4,4500,0.013280727594458627,0.003603518
100,2,4,4600,0.010991754119132327,0.0036005974
100,2,4,4700,0.010662188043188841,0.003761977
100,2,4,4800,0.011094878951071151,0.0034451485
100,2,4,4900,0.01171405767832114,0.0039521456
100,2,4,5000,0.009758275216684457,0.0034810007
100,2,4,5100,0.011671860336370462,0.0034346879
100,2,4,5200,0.010861675753918542,0.003298223
100,2,4,5300,0.011623816987530776,0.0032533705
100,2,4,5400,0.012643217181175679,0.0032600164
100,2,4,5500,0.013796840317512167,0.003288269
100,2,4,5600,0.011538437096591083,0.0031946301
100,2,4,5700,0.009079059632532657,0.003089577
100,2,4,5800,0.00799331286372832,0.0030973554
100,2,4,5900,0.015556341997250932,0.0031856
100,2,4,6000,0.012615938629539726,0.003047824
100,2,4,6100,0.010315264818098609,0.0029822886
100,2,4,6200,0.011809441438954526,0.002971083
100,2,4,6300,0.012215576757021413,0.0030044317
100,2,4,6400,0.0126004318572901,0.0031013787
100,2,4,6500,0.013829130475280916,0.0030502677
100,2,4,6600,0.009855608328017238,0.0029210746
100,2,4,6700,0.01052304275125608,0.002816081
100,2,4,6800,0.00942242270944787,0.0028744638
100,2,4,6900,0.005671769840258044,0.00280869
100,2,4,7000,0.0030258040685141696,0.0027466416
100,2,4,7100,0.007588498418063973,0.0030077398
100,2,4,7200,0.011427084683384797,0.002757132
100,2,4,7300,0.004022875903312635,0.0026811361
100,2,4,7400,0.007096397412940097,0.0027769804
100,2,4,7500,0.009210919705746638,0.0028005242
100,2,4,7600,0.0028150320617489743,0.002643615
100,2,4,7700,0.008434936157502806,0.002869159
100,2,4,7800,0.008068518480404947,0.002545178
100,2,4,7900,0.0036601125717165024,0.0025129318
100,2,4,8000,0.012091625187141278,0.0026541948
100,2,4,8100,0.007866718794117784,0.0024684966
100,2,4,8200,0.007212149769796265,0.0024759173
100,2,4,8300,0.0023250845828580624,0.0025957525
100,2,4,8400,0.007508014728610388,0.0024364889
100,2,4,8500,0.010705533130902868,0.0027490854
100,2,4,8600,0.006136661768188273,0.0024971962
100,2,4,8700,0.00339590555518735,0.0024038851
100,2,4,8800,0.010090370021820543,0.0024944246
100,2,4,8900,0.00850797738783764,0.002866149
100,2,4,9000,0.00687636402196798,0.0026328266
100,2,4,9100,0.01432190685162289,0.0023778975
100,2,4,9200,0.004814856351671397,0.0026395917
100,2,4,9300,0.006367543935855096,0.0024001002
100,2,4,9400,0.009483192010012036,0.0026329756
100,2,4,9500,0.0033387509928217117,0.002402842
100,2,4,9600,0.0046534956275351685,0.0023627877
100,2,4,9700,0.008829109610527623,0.002447635
100,2,4,9800,0.006286208766544612,0.0025428534
100,2,4,9900,0.0029797745925473347,0.0024147034
100,2,5,0,0.4078508892479411,0.047646493
100,2,5,100,0.12914349658355787,0.08938408
100,2,5,200,0.11119221874471573,0.08077216
100,2,5,300,0.11138455316082875,0.05825323
100,2,5,400,0.08086510974247997,0.039122105
100,2,5,500,0.07451582731066304,0.031675935
100,2,5,600,0.056090482554200925,0.03033048
100,2,5,700,0.057720163022756475,0.023056477
100,2,5,800,0.07798713798840942,0.016318798
100,2,5,900,0.044487014558541295,0.012147993
100,2,5,1000,0.03128547070993323,0.011824429
100,2,5,1100,0.02648876229275389,0.012058854
100,2,5,1200,0.022600968409957383,0.011244625
100,2,5,1300,0.01916232211298455,0.01086244
100,2,5,1400,0.023036972894866663,0.0110813975
100,2,5,1500,0.021694437907217763,0.010835916
100,2,5,1600,0.0169669115067157,0.010618657
100,2,5,1700,0.017413722407229756,0.010319948
100,2,5,1800,0.021992056282576878,0.010025322
100,2,5,1900,0.016816783870606398,0.009593576
100,2,5,2000,0.02334854136496977,0.00923124
100,2,5,2100,0.021837570267147603,0.008831352
100,2,5,2200,0.020826922364080472,0.008535683
100,2,5,2300,0.019658216908976407,0.008149594
100,2,5,2400,0.016811137568909125,0.007859051
100,2,5,2500,0.017927762247120633,0.007646233
100,2,5,2600,0.01912897278979785,0.007385075
100,2,5,2700,0.01328909404343439,0.006917149
100,2,5,2800,0.01750750561940568,0.006659746
100,2,5,2900,0.0161349365989895,0.006185621
100,2,5,3000,0.013017587207439027,0.006192416
100,2,5,3100,0.014013938245002893,0.006003469
100,2,5,3200,0.020417949652193068,0.005308658
100,2,5,3300,0.009351895871799184,0.005268216
100,2,5,3400,0.014239833139556977,0.005243033
100,2,5,3500,0.010691963242377414,0.0052479506
100,2,5,3600,0.01585011992922001,0.0047504306
100,2,5,3700,0.013448685859861309,0.0048303306
100,2,5,3800,0.012936051839366256,0.004524976
100,2,5,3900,0.013299008003896004,0.0044796765
100,2,5,4000,0.015091255288886668,0.0043293834
100,2,5,4100,0.010959247485673436,0.004364729
100,2,5,4200,0.01156101263151775,0.00410378
100,2,5,4300,0.014540565187844424,0.0039604306
100,2,5,4400,0.01761816269883184,0.003756255
100,2,5,4500,0.014416288580970086,0.0038384795
100,2,5,4600,0.013156086207752618,0.0038263798
100,2,5,4700,0.012237528018505639,0.0037696958
100,2,5,4800,0.012808887186576311,0.0035815835
100,2,5,4900,0.012256505367838351,0.0034859776
100,2,5,5000,0.008794020704606022,0.003464222
100,2,5,5100,0.010981688579444718,0.0033850074
100,2,5,5200,0.009377126852940777,0.003643036
100,2,5,5300,0.011308720067904903,0.0035139918
100,2,5,5400,0.0053779875475507295,0.003335923
100,2,5,5500,0.011560301440788857,0.003321141
100,2,5,5600,0.010809035407689245,0.0033577383
100,2,5,5700,0.010244881399288664,0.0033002496
100,2,5,5800,0.007898465873705502,0.0034186244
100,2,5,5900,0.004802141391459276,0.0031906664
100,2,5,6000,0.00942815953797657,0.0034229755
100,2,5,6100,0.011854476034811937,0.0032375753
100,2,5,6200,0.01058803087757156,0.003157556
100,2,5,6300,0.01221721343718482,0.0032112002
100,2,5,6400,0.00946299264927144,0.0030123293
100,2,5,6500,0.010364857143108754,0.0031382442
100,2,5,6600,0.010717479374833442,0.0035538673
100,2,5,6700,0.007452380413104851,0.0029549897
100,2,5,6800,0.008898277514200501,0.0028969944
100,2,5,6900,0.009163305018076691,0.0029134154
100,2,5,7000,0.008211052348103173,0.0029788017
100,2,5,7100,0.007811089384611255,0.0031819642
100,2,5,7200,0.010856184410832742,0.0026812553
100,2,5,7300,0.010304055168814517,0.0027734041
100,2,5,7400,0.010617927347423462,0.0028600097
100,2,5,7500,0.006237136769912487,0.0028709173
100,2,5,7600,0.009516584070707308,0.00266546
100,2,5,7700,0.011119535648043825,0.0026237667
100,2,5,7800,0.009053134194385217,0.0027733445
100,2,5,7900,0.01502056218585039,0.0026668012
100,2,5,8000,0.008493932087264362,0.0025841594
100,2,5,8100,0.013656659898741333,0.0028067231
100,2,5,8200,0.009803518893170316,0.0026817322
100,2,5,8300,0.00465038547564149,0.0026319027
100,2,5,8400,0.004973831140771759,0.002627939
100,2,5,8500,0.008895453202647131,0.0028919876
100,2,5,8600,0.010414950718708451,0.0031121373
100,2,5,8700,0.006503148728401102,0.0025429428
100,2,5,8800,0.0049148891771171495,0.002385825
100,2,5,8900,0.008204338592068747,0.0024491549
100,2,5,9000,0.0052411629071974835,0.002472639
100,2,5,9100,0.011043155906956452,0.0026284456
100,2,5,9200,0.008051822948655012,0.0023251176
100,2,5,9300,0.01247343242594508,0.0024066567
100,2,5,9400,0.003611404847548107,0.002241522
100,2,5,9500,0.0019173635768814379,0.0022093654
100,2,5,9600,0.0034127103161152492,0.002373159
100,2,5,9700,0.0063883122490824935,0.0022447407
100,2,5,9800,0.006495883423667082,0.002167821
100,2,5,9900,0.0024236504657766497,0.0022466779
100,2,6,0,0.43414589376720847,0.047602743
100,2,6,100,0.14808257862649915,0.08785546
100,2,6,200,0.13678894284669219,0.08420551
100,2,6,300,0.11477353599787676,0.06315482
100,2,6,400,0.11061087666351826,0.03882879
100,2,6,500,0.07177001889799753,0.03156063
100,2,6,600,0.07711081251294401,0.030013025
100,2,6,700,0.059046904312544425,0.024780333
100,2,6,800,0.04915234925073676,0.018322706
100,2,6,900,0.035431442125291264,0.012722254
100,2,6,1000,0.03303879329315092,0.01221022
100,2,6,1100,0.036054605505096836,0.012236059
100,2,6,1200,0.030914045861849235,0.011830151
100,2,6,1300,0.025298536177639417,0.011805028
100,2,6,1400,0.023728098966849746,0.010794759
100,2,6,1500,0.02157982975748407,0.010921031
100,2,6,1600,0.020382925227263995,0.010642886
100,2,6,1700,0.018774255725852677,0.010227859
100,2,6,1800,0.020702849523492953,0.010179013
100,2,6,1900,0.02027578595006351,0.009824634
100,2,6,2000,0.02007412299810519,0.009663045
100,2,6,2100,0.018387643313801612,0.009304374
100,2,6,2200,0.016122314240372602,0.009184778
100,2,6,2300,0.019275025463375402,0.008607596
100,2,6,2400,0.017138098811760427,0.008061618
100,2,6,2500,0.01872764772506072,0.007956475
100,2,6,2600,0.01868018418092093,0.0076500475
100,2,6,2700,0.017392161619756433,0.0074267387
100,2,6,2800,0.01639632147423511,0.0070901513
100,2,6,2900,0.01784453649867971,0.006977588
100,2,6,3000,0.014611120175543044,0.0065152347
100,2,6,3100,0.014292378668810102,0.0061187446
100,2,6,3200,0.015149335256263491,0.0059280097
100,2,6,3300,0.012065178883214024,0.005802661
100,2,6,3400,0.02041692903730326,0.0057678223
100,2,6,3500,0.012624708182245299,0.005378306
100,2,6,3600,0.015460447993969848,0.005420774
100,2,6,3700,0.011829372530250503,0.005156487
100,2,6,3800,0.01407464801580756,0.004868388
100,2,6,3900,0.012246132453982018,0.004799992
100,2,6,4000,0.013621867848378781,0.0046649575
100,2,6,4100,0.010765235867244646,0.00465405
100,2,6,4200,0.013651633285931044,0.0044148266
100,2,6,4300,0.012009442509156946,0.004148692
100,2,6,4400,0.010315963451832147,0.004042566
100,2,6,4500,0.010153359795108632,0.004069835
100,2,6,4600,0.01314427940157849,0.004128754
100,2,6,4700,0.012064200086434987,0.0038504899
100,2,6,4800,0.01154999937302395,0.0038567781
100,2,6,4900,0.012614412516507396,0.0038163662
100,2,6,5000,0.010878106061923529,0.0038888454
100,2,6,5100,0.010723711782191945,0.003952414
100,2,6,5200,0.00963999246342899,0.0035840273
100,2,6,5300,0.011820710940919563,0.003529787
100,2,6,5400,0.013188100305074614,0.0035328567
100,2,6,5500,0.011565699102550345,0.0033468604
100,2,6,5600,0.009854890348335853,0.0033626854
100,2,6,5700,0.008951042242399563,0.0034178793
100,2,6,5800,0.009828751279333189,0.0033373237
100,2,6,5900,0.012082684909461872,0.0033011734
100,2,6,6000,0.008554857727402736,0.0032677948
100,2,6,6100,0.0071021057984393685,0.0033687055
100,2,6,6200,0.006737245150914175,0.003139317
100,2,6,6300,0.010541832207309101,0.0032836795
100,2,6,6400,0.004533024599821135,0.0031500757
100,2,6,6500,0.007979120758452949,0.0031992793
100,2,6,6600,0.008906082949880783,0.0031634867
100,2,6,6700,0.009069737370435895,0.0031929314
100,2,6,6800,0.0049657403150377005,0.003058672
100,2,6,6900,0.009906700495387867,0.0030208528
100,2,6,7000,0.010380483798385916,0.0030097067
100,2,6,7100,0.009417184992255138,0.0033212006
100,2,6,7200,0.010784499665681659,0.0028061569
100,2,6,7300,0.009087197407225673,0.0028192997
100,2,6,7400,0.009240757489863142,0.0026687384
100,2,6,7500,0.007309126951583689,0.003147304
100,2,6,7600,0.007656439529780803,0.002668202
100,2,6,7700,0.010088932808290705,0.002834648
100,2,6,7800,0.01318221173283555,0.0027367473
100,2,6,7900,0.009048001147370272,0.002611667
100,2,6,8000,0.006051908709073089,0.0025936663
100,2,6,8100,0.01071537733448679,0.0026664734
100,2,6,8200,0.00046785283037114044,0.0024391115
100,2,6,8300,0.0017106716307877991,0.0024767518
100,2,6,8400,0.008184417648141044,0.0024003983
100,2,6,8500,0.00489749711970335,0.0024331808
100,2,6,8600,0.010087118511619045,0.002339542
100,2,6,8700,0.005534436888260551,0.0023501217
100,2,6,8800,0.004725127396367268,0.002310276
100,2,6,8900,0.005358688091754957,0.0023191571
100,2,6,9000,0.007889558046770799,0.0022304952
100,2,6,9100,0.01010037688624751,0.002714485
100,2,6,9200,0.006123372500205097,0.002406329
100,2,6,9300,0.006621345875484414,0.0022580922
100,2,6,9400,0.007620923346160147,0.0022791028
100,2,6,9500,0.007653248451199637,0.0022887588
100,2,6,9600,0.0059346033208661,0.0023117363
100,2,6,9700,0.012466634937793266,0.0023399591
100,2,6,9800,0.00861634226419733,0.002349496
100,2,6,9900,0.008551905962430825,0.0020821393
100,2,7,0,0.5007746179769386,0.047587097
100,2,7,100,0.12127262025530856,0.09136307
100,2,7,200,0.10198769147847703,0.080777705
100,2,7,300,0.0870788116465653,0.064073384
100,2,7,400,0.10081985735873653,0.042823136
100,2,7,500,0.07315974682077178,0.03185162
100,2,7,600,0.08109094773854973,0.030955166
100,2,7,700,0.060128529853091264,0.024336845
100,2,7,800,0.04911520962519786,0.016317904
100,2,7,900,0.04462243394225777,0.012324661
100,2,7,1000,0.03695316753727761,0.011548102
100,2,7,1100,0.02355406751259584,0.011268526
100,2,7,1200,0.024061737553558712,0.010835171
100,2,7,1300,0.023421530448740888,0.0103290975
100,2,7,1400,0.023651067672172447,0.0103753805
100,2,7,1500,0.02149683485364437,0.010271072
100,2,7,1600,0.01904795196328769,0.009996772
100,2,7,1700,0.023263353839615867,0.009856701
100,2,7,1800,0.015990786874404486,0.009275258
100,2,7,1900,0.016614433866696022,0.008874267
100,2,7,2000,0.019284565069684945,0.008857399
100,2,7,2100,0.017440280255882703,0.00841254
100,2,7,2200,0.020679082270399177,0.007879883
100,2,7,2300,0.01632522503069207,0.0078086555
100,2,7,2400,0.020822285228584408,0.0073212683
100,2,7,2500,0.014917707152955992,0.007156968
100,2,7,2600,0.017058706869440828,0.0068285167
100,2,7,2700,0.01907007797305824,0.0066688657
100,2,7,2800,0.011919202755879028,0.0064811707
100,2,7,2900,0.021851153339712343,0.006140977
100,2,7,3000,0.015193628417640387,0.005651802
100,2,7,3100,0.022098264358289696,0.0055572093
100,2,7,3200,0.014111536100366343,0.005108893
100,2,7,3300,0.017628157295825276,0.005334407
100,2,7,3400,0.01581205223037548,0.0050629973
100,2,7,3500,0.018468756647379077,0.0049839616
100,2,7,3600,0.015922794056799958,0.0048077703
100,2,7,3700,0.01343275214855101,0.0045505464
100,2,7,3800,0.016229122802664284,0.004503727
100,2,7,3900,0.015849789411588183,0.004440993
100,2,7,4000,0.014328873803888087,0.0044439137
100,2,7,4100,0.013671082554569332,0.004085362
100,2,7,4200,0.015323644139025679,0.0040674508
100,2,7,4300,0.011114487577300224,0.004071772
100,2,7,4400,0.016303280647337156,0.003969252
100,2,7,4500,0.01367420576868453,0.004057765
100,2,7,4600,0.01068074634325336,0.004016578
100,2,7,4700,0.013226396012969438,0.0038492382
100,2,7,4800,0.012868458164351648,0.0038053095
100,2,7,4900,0.014549991987091667,0.0038102865
100,2,7,5000,0.012640683650797555,0.00366351
100,2,7,5100,0.013711851716468661,0.003540635
100,2,7,5200,0.012650235551334477,0.0035771132
100,2,7,5300,0.012577344401124544,0.0035874248
100,2,7,5400,0.012309171010228865,0.0036533475
100,2,7,5500,0.01412286967042514,0.0036303997
100,2,7,5600,0.011292361536190202,0.003624171
100,2,7,5700,0.01430228853917792,0.003575474
100,2,7,5800,0.004100970774780159,0.003433168
100,2,7,5900,0.005170954762738286,0.0036879778
100,2,7,6000,0.006457625624392694,0.003543079
100,2,7,6100,0.0085006186956643,0.0034468174
100,2,7,6200,0.01111909526846356,0.0032922626
100,2,7,6300,0.011793114231661572,0.0033721626
100,2,7,6400,0.012680131749028909,0.0034014285
100,2,7,6500,0.010619118248886296,0.0033355951
100,2,7,6600,0.01082848334039888,0.003360629
100,2,7,6700,0.013178496015399674,0.0034663081
100,2,7,6800,0.01044405663180588,0.0033310056
100,2,7,6900,0.009924752207075564,0.0034106672
100,2,7,7000,0.01010733969512186,0.003325045
100,2,7,7100,0.012706772624738343,0.0032662153
100,2,7,7200,0.008175403100417781,0.0034698546
100,2,7,7300,0.009554500451117812,0.0034922361
100,2,7,7400,0.010974360278814729,0.0031883717
100,2,7,7500,0.0029097714585773126,0.0031015575
100,2,7,7600,0.009048543932898424,0.003214717
100,2,7,7700,0.010018751716405396,0.0031020343
100,2,7,7800,0.0062159704769332155,0.0029677749
100,2,7,7900,0.008551639232617089,0.0028606653
100,2,7,8000,0.008496677923946585,0.0030066073
100,2,7,8100,0.010150507661308233,0.0028327703
100,2,7,8200,0.012293011536438893,0.0027974248
100,2,7,8300,0.007259270421300861,0.0028104186
100,2,7,8400,0.007936664910045374,0.0026573837
100,2,7,8500,0.005002218066238409,0.002636224
100,2,7,8600,0.009140760919867595,0.0025880337
100,2,7,8700,0.010265545256659143,0.0028755069
100,2,7,8800,0.010732552626401685,0.0025533438
100,2,7,8900,0.01124110638043173,0.0028994977
100,2,7,9000,0.006235617148046328,0.002384156
100,2,7,9100,0.008774209635093348,0.0028177798
100,2,7,9200,0.00942157325550079,0.002507478
100,2,7,9300,0.00579135310711845,0.0024926066
100,2,7,9400,0.0059932633349473385,0.0025274456
100,2,7,9500,0.0035512104093589985,0.002618283
100,2,7,9600,0.008005560072599206,0.0024401546
100,2,7,9700,0.011025890668649296,0.0023810565
100,2,7,9800,0.0005533398859025648,0.0024417639
100,2,7,9900,0.0019328256442707992,0.0025359094
100,2,8,0,0.49580537118791423,0.047611117
100,2,8,100,0.11628401085718983,0.0844354
100,2,8,200,0.13065388187952995,0.079573154
100,2,8,300,0.09484046792882701,0.059796393
100,2,8,400,0.08783823147080078,0.04121542
100,2,8,500,0.08494425204192321,0.03143865
100,2,8,600,0.0636122427232794,0.029654026
100,2,8,700,0.06124017994360739,0.025175959
100,2,8,800,0.04350072293085048,0.017237067
100,2,8,900,0.04451660116082078,0.011749655
100,2,8,1000,0.028685171014275635,0.0105243325
100,2,8,1100,0.029885578105456015,0.010847002
100,2,8,1200,0.026962579273234782,0.0107117
100,2,8,1300,0.025657872730220674,0.010694355
100,2,8,1400,0.022458918625864494,0.010605842
100,2,8,1500,0.020925517591170548,0.010715753
100,2,8,1600,0.022096205761959423,0.010524839
100,2,8,1700,0.022065848504616584,0.009994239
100,2,8,1800,0.020999673881918465,0.009690225
100,2,8,1900,0.015941400337031193,0.009345591
100,2,8,2000,0.021374071150443378,0.008595735
100,2,8,2100,0.016131182501944796,0.007979333
100,2,8,2200,0.01919888435714814,0.007325053
100,2,8,2300,0.017350341909705056,0.006830603
100,2,8,2400,0.01589420979405147,0.0061191022
100,2,8,2500,0.015226909714168135,0.0058671236
100,2,8,2600,0.01537130689306574,0.0058235526
100,2,8,2700,0.013936238798829064,0.005470574
100,2,8,2800,0.014743596182822182,0.005432576
100,2,8,2900,0.014299688200068135,0.005204797
100,2,8,3000,0.016274079760881396,0.0051053166
100,2,8,3100,0.01349654610026901,0.0049003065
100,2,8,3200,0.014578938522694613,0.004785508
100,2,8,3300,0.012572382809611536,0.004858494
100,2,8,3400,0.015080543846593962,0.0049054623
100,2,8,3500,0.01639118819472622,0.0047772527
100,2,8,3600,0.01367513690081291,0.004948318
100,2,8,3700,0.012272803616082155,0.0045872927
100,2,8,3800,0.01463077891444411,0.0046401024
100,2,8,3900,0.013560743899275994,0.0049799383
100,2,8,4000,0.018079107240449224,0.0044302344
100,2,8,4100,0.01568118996506534,0.004199326
100,2,8,4200,0.01501144252836767,0.0041127503
100,2,8,4300,0.018454160164247817,0.0041335523
100,2,8,4400,0.013216002022887847,0.004197955
100,2,8,4500,0.01174957225454066,0.0042141974
100,2,8,4600,0.01436064508835953,0.0038934946
100,2,8,4700,0.014308406705366676,0.0038525164
100,2,8,4800,0.013109346880501836,0.0038620234
100,2,8,4900,0.010324373672833419,0.003638208
100,2,8,5000,0.011072702747688885,0.004099697
100,2,8,5100,0.011540611777007832,0.00383991
100,2,8,5200,0.01408210311516163,0.0038351119
100,2,8,5300,0.014574201548386512,0.0037081242
100,2,8,5400,0.013206626278657542,0.003626287
100,2,8,5500,0.008622831007630477,0.0037150383
100,2,8,5600,0.012771674808879812,0.003650695
100,2,8,5700,0.01015419962249985,0.00364542
100,2,8,5800,0.011175569558213699,0.0034900904
100,2,8,5900,0.00670756591604292,0.0035983324
100,2,8,6000,0.014307950565270424,0.0033898354
100,2,8,6100,0.008012264220207815,0.003449887
100,2,8,6200,0.015437249853447273,0.0035971105
100,2,8,6300,0.010344226378320793,0.0037433803
100,2,8,6400,0.009785419757277836,0.0033368468
100,2,8,6500,0.011790791740680486,0.0034377277
100,2,8,6600,0.00991175624789185,0.0035720468
100,2,8,6700,0.007926804612046132,0.0032773912
100,2,8,6800,0.009676896399061786,0.0033230782
100,2,8,6900,0.0110373458177541,0.0033635497
100,2,8,7000,0.009774796827994819,0.003292799
100,2,8,7100,0.011863360752516655,0.0032694042
100,2,8,7200,0.012405313395360981,0.0034698844
100,2,8,7300,0.009987326219236543,0.0031400323
100,2,8,7400,0.012427464054776214,0.0041642487
100,2,8,7500,0.009099715458828194,0.003283441
100,2,8,7600,0.007556926596342782,0.003229171
100,2,8,7700,0.007115808303580379,0.0030081868
100,2,8,7800,0.00875942918586953,0.0031333864
100,2,8,7900,0.011722255594713613,0.002990663
100,2,8,8000,0.00817614887090995,0.002985537
100,2,8,8100,0.009648521342497222,0.0030626357
100,2,8,8200,0.01081009823816719,0.0031117797
100,2,8,8300,0.00871529016565375,0.0028689206
100,2,8,8400,0.008848827369552077,0.003037274
100,2,8,8500,0.013622994832995696,0.002922535
100,2,8,8600,0.0068767496926757776,0.0030646622
100,2,8,8700,0.004462372263710375,0.0030715168
100,2,8,8800,0.00817986291629651,0.0029203892
100,2,8,8900,0.008910939707688671,0.0032137036
100,2,8,9000,0.008944101778756057,0.0031346679
100,2,8,9100,0.007013199280987741,0.002885908
100,2,8,9200,0.004612876827981473,0.002799064
100,2,8,9300,0.012170743052904737,0.0027102232
100,2,8,9400,0.006007218667439179,0.0029583573
100,2,8,9500,0.007662082740717708,0.0031709373
100,2,8,9600,0.0051692809436236905,0.002751559
100,2,8,9700,0.0074351617952096195,0.0026813745
100,2,8,9800,0.010822228911187313,0.002903521
100,2,8,9900,0.002403481034235403,0.0025886893
100,2,9,0,0.42639871324341455,0.047599316
100,2,9,100,0.12867289430993933,0.09134257
100,2,9,200,0.09782584722389917,0.07780528
100,2,9,300,0.09924011413467233,0.06277639
100,2,9,400,0.10113797963992473,0.0374555
100,2,9,500,0.09117535442293083,0.029320449
100,2,9,600,0.0751710456234667,0.01859951
100,2,9,700,0.0483323751324973,0.011137843
100,2,9,800,0.04913773131682429,0.012086809
100,2,9,900,0.032143259393343046,0.013142496
100,2,9,1000,0.03269064955178041,0.0138016045
100,2,9,1100,0.026253091354789013,0.013109624
100,2,9,1200,0.021309396073510244,0.012504041
100,2,9,1300,0.021284284487494955,0.011770129
100,2,9,1400,0.021503983430568006,0.011840194
100,2,9,1500,0.019719571200157236,0.011103123
100,2,9,1600,0.020395061224554374,0.010905832
100,2,9,1700,0.017208536134494724,0.01026696
100,2,9,1800,0.01616981371698148,0.009848595
100,2,9,1900,0.01653957452176315,0.009318948
100,2,9,2000,0.018444177652838054,0.009015471
100,2,9,2100,0.019880009967279063,0.008513987
100,2,9,2200,0.018398587443668093,0.008153439
100,2,9,2300,0.01658775828562607,0.0075033307
100,2,9,2400,0.016364764053207394,0.0071977973
100,2,9,2500,0.017703329006216545,0.0070510805
100,2,9,2600,0.014993880027408538,0.0068884194
100,2,9,2700,0.015745571346058484,0.0064652264
100,2,9,2800,0.015749936619202494,0.0058766007
100,2,9,2900,0.011885868853321215,0.005779147
100,2,9,3000,0.01917705038008448,0.0056412816
100,2,9,3100,0.013179842538860133,0.0052145123
100,2,9,3200,0.015693505063356927,0.0050362945
100,2,9,3300,0.018227715697047082,0.0047886968
100,2,9,3400,0.01555056930473978,0.0045956075
100,2,9,3500,0.01279147515696151,0.004448205
100,2,9,3600,0.014276240390329582,0.0044111013
100,2,9,3700,0.012807636869970244,0.0043281913
100,2,9,3800,0.015113921071320268,0.0041764975
100,2,9,3900,0.0164335015299789,0.0043594837
100,2,9,4000,0.012874316176992865,0.004084021
100,2,9,4100,0.01207578014113684,0.0038961172
100,2,9,4200,0.015365226498608227,0.004153371
100,2,9,4300,0.011726015788926913,0.0037524998
100,2,9,4400,0.011998421831977059,0.003758788
100,2,9,4500,0.015397738568994257,0.0036275685
100,2,9,4600,0.015762205391146346,0.003563553
100,2,9,4700,0.014848440458186443,0.0035886765
100,2,9,4800,0.007049967188480846,0.0035975575
100,2,9,4900,0.012227274084483784,0.0035350323
100,2,9,5000,0.011216000120393182,0.003625065
100,2,9,5100,0.009511516011268744,0.00367257
100,2,9,5200,0.01209694576348051,0.0033799708
100,2,9,5300,0.01246801749114043,0.0034767687
100,2,9,5400,0.013509570886286015,0.0035484135
100,2,9,5500,0.0027250118432633843,0.0032987297
100,2,9,5600,0.012185666341993903,0.003351301
100,2,9,5700,0.009523566107105511,0.0033131242
100,2,9,5800,0.013410696686352117,0.0033539236
100,2,9,5900,0.008446710594498317,0.0032365918
100,2,9,6000,0.011002667515523423,0.0032622218
100,2,9,6100,0.0133284790962889,0.0030760765
100,2,9,6200,0.013128953861309424,0.0031525493
100,2,9,6300,0.007570710028646016,0.0032271147
100,2,9,6400,0.008747375324266062,0.0031671524
100,2,9,6500,0.011267937734736817,0.003216654
100,2,9,6600,0.00831687555578017,0.0031626523
100,2,9,6700,0.007290516740750234,0.0031278133
100,2,9,6800,0.0076532227822061006,0.0030975938
100,2,9,6900,0.01090915983204413,0.0033372343
100,2,9,7000,0.009298622909063997,0.0030400753
100,2,9,7100,0.007089551751423104,0.002959162
100,2,9,7200,0.016723314337934916,0.0030664206
100,2,9,7300,0.009313508571907941,0.003285706
100,2,9,7400,0.008580223035570997,0.0028657615
100,2,9,7500,0.015664075999480064,0.0028821528
100,2,9,7600,0.00459567667790225,0.0027350485
100,2,9,7700,0.008332381684632562,0.002783537
100,2,9,7800,0.005370956251161741,0.002714485
100,2,9,7900,0.011136496294128655,0.0026884377
100,2,9,8000,0.008771629893483143,0.002621293
100,2,9,8100,0.005600834346689964,0.0026628375
100,2,9,8200,0.009950183545814286,0.0026215315
100,2,9,8300,0.00652262423583338,0.002509296
100,2,9,8400,0.011453066803356936,0.0025300384
100,2,9,8500,0.003854621817071622,0.0028043091
100,2,9,8600,0.00399658042480073,0.002885878
100,2,9,8700,0.007328944866924799,0.0024793148
100,2,9,8800,0.0046501546925410055,0.002513945
100,2,9,8900,0.00895940917964143,0.002474904
100,2,9,9000,0.008953180219242188,0.0024957955
100,2,9,9100,0.008303750870847637,0.0023586154
100,2,9,9200,0.0015203333456673131,0.0022951365
100,2,9,9300,0.003916951139701489,0.0025007427
100,2,9,9400,0.003129934697866721,0.0024591684
100,2,9,9500,0.012721712832306296,0.0023955405
100,2,9,9600,0.0023831136200057348,0.002449751
100,2,9,9700,0.004627917435679244,0.0024413764
100,2,9,9800,0.004239378941289332,0.0023881793
100,2,9,9900,0.00580386695195982,0.0024262369
